player,nation_stats_standard,squad,age_stats_standard,position_stats_standard,playing_time_min_stats_playing_time,playing_time_90s,total_cmp%_stats_passing_per_90,ast_stats_passing_per_90,ppa_stats_passing_per_90,standard_gls_stats_shooting_per_90,standard_sot%_stats_shooting_per_90,sca_sca_stats_gca_per_90,gca_gca_stats_gca_per_90,touches_mid_3rd_stats_possession_per_90,touches_att_3rd_stats_possession_per_90,take_ons_succ_stats_possession_per_90,carries_prgc_stats_possession_per_90,receiving_prgr_stats_possession_per_90,tackles_mid_3rd_stats_defense_per_90,aerial_duels_won%_stats_misc_per_90,performance_crs_stats_misc_per_90,tackles_tkl_stats_defense_per_90,int_stats_defense_per_90,performance_recov_stats_misc_per_90,value
Brenden Aaronson,USA,Leeds United,24,Midfielder,1452.0,16.133333333333333,4.958677685950414,0.0619834710743801,1.2396694214876034,0.2479338842975206,1.5867768595041325,3.9669421487603302,0.3099173553719008,22.1900826446281,25.59917355371901,1.6735537190082646,1.9834710743801651,6.880165289256198,0.9917355371900828,1.7913223140495866,2.293388429752066,1.797520661157025,0.1239669421487603,3.65702479338843,11000000.0
Elijah Adebayo,ENG,Luton Town,26,Forward,1477.0,16.41111111111111,4.4177386594448205,0.0,0.3656059580230196,0.2437373053486797,2.821259309410968,1.767095463777928,0.1828029790115098,6.032498307379824,14.441435341909274,0.7921462423832092,0.974949221394719,4.021665538253216,0.0,2.5470548408937037,0.3046716316858497,0.4874746106973595,0.2437373053486797,2.132701421800948,11000000.0
Enock Agyei,BEL,Burnley,19,Forward,1354.0,15.044444444444444,5.045051698670606,0.0,0.1329394387001477,0.0,0.0,0.0664697193500738,0.0,1.1299852289512555,1.4623338257016247,0.1329394387001477,0.5317577548005908,0.7976366322008863,0.0664697193500738,1.6617429837518465,0.1994091580502215,0.2658788774002954,0.0,0.1329394387001477,800000.0
Milan Aleksić,SRB,Sunderland,19,Midfielder,1060.0,11.77777777777778,5.663207547169812,0.0,0.0,0.0,8.490566037735848,0.0,0.0,0.5943396226415094,0.1698113207547169,0.0,0.1698113207547169,0.0849056603773584,0.0,0.0,0.0,0.0,0.0849056603773584,0.2547169811320754,0.0
Jamie Allen,ENG,Coventry City,29,Midfielder,475.0,5.277777777777778,16.2,0.0,0.1894736842105263,0.0,0.0,0.3789473684210526,0.0,7.768421052631579,2.463157894736842,0.0,0.0,0.3789473684210526,0.1894736842105263,9.473684210526317,0.0,0.5684210526315789,0.0,0.9473684210526316,1000000.0
Steven Alzate,COL,Hull City,26,Midfielder,1260.0,14.0,6.7,0.0,0.0,0.0,0.0,0.0714285714285714,0.0,1.4285714285714286,0.7142857142857143,0.0714285714285714,0.0714285714285714,0.0,0.0,0.0,0.0,0.0,0.0714285714285714,0.2857142857142857,4000000.0
Lucas Andersen,DEN,QPR,30,Midfielder,557.0,6.188888888888889,11.34290843806104,0.0,1.4542190305206462,0.1615798922800718,4.621184919210054,4.524236983842011,0.1615798922800718,20.035906642728904,33.447037701974864,0.8078994614003591,2.1005385996409336,8.402154398563734,1.2926391382405744,12.118491921005386,8.563734290843806,2.585278276481149,0.9694793536804308,4.039497307001795,500000.0
Sinclair Armstrong,IRL,Bristol City,21,Forward,1323.0,14.7,5.013605442176871,0.0,0.1360544217687075,0.2040816326530612,4.020408163265307,0.6802721088435374,0.0680272108843537,3.673469387755102,8.027210884353742,0.0680272108843537,1.2244897959183674,4.285714285714286,0.0680272108843537,0.4693877551020408,0.1360544217687075,0.1360544217687075,0.1360544217687075,0.8163265306122449,2200000.0
Femi Azeez,ENG,Millwall,23,Forward,732.0,8.133333333333333,6.319672131147541,0.2459016393442623,1.475409836065574,0.1229508196721311,5.790983606557377,2.0901639344262297,0.2459016393442623,13.032786885245905,18.56557377049181,0.4918032786885246,3.8114754098360657,6.39344262295082,0.6147540983606558,4.967213114754099,4.180327868852459,2.0901639344262297,0.3688524590163934,4.180327868852459,900000.0
Lewis Baker,ENG,Blackburn,29,Forward,1406.0,15.622222222222222,5.242532005689901,0.0,0.0,0.0640113798008534,2.5604551920341394,0.1920341394025604,0.0,4.416785206258891,1.7923186344238975,0.0640113798008534,0.3840682788051209,0.3840682788051209,0.1280227596017069,4.269559032716928,0.1920341394025604,0.2560455192034139,0.2560455192034139,0.9601706970128024,1800000.0
Patrick Bamford,ENG,Leeds United,31,Forward,634.0,7.044444444444444,8.219242902208203,0.0,0.0,0.0,0.0,0.1419558359621451,0.0,2.555205047318612,2.8391167192429023,0.1419558359621451,0.1419558359621451,1.277602523659306,0.0,8.517350157728707,0.4258675078864353,0.0,0.2839116719242902,0.2839116719242902,4000000.0
Shandon Baptiste,GRN,Luton Town,26,Midfielder,770.0,8.555555555555555,9.14025974025974,0.0,1.2857142857142858,0.0,2.9220779220779223,2.571428571428572,0.1168831168831168,21.272727272727277,13.558441558441558,0.3506493506493506,0.7012987012987013,1.6363636363636365,0.4675324675324675,5.8441558441558445,3.272727272727273,1.1688311688311688,1.4025974025974026,4.090909090909091,2500000.0
Tom Barkhuizen,ENG,Derby County,31,Forward,1272.0,14.133333333333333,5.066037735849056,0.0,0.1415094339622641,0.0,3.537735849056604,0.4245283018867924,0.070754716981132,2.2641509433962264,3.962264150943396,0.1415094339622641,0.3537735849056604,1.0613207547169812,0.0,5.051886792452831,0.2830188679245283,0.2122641509433962,0.1415094339622641,0.919811320754717,450000.0
Daniel Barlaser,TUR,Middlesbrough,27,Midfielder,466.0,5.177777777777778,16.512875536480685,0.1931330472103004,2.124463519313305,0.1931330472103004,4.828326180257511,5.793991416309012,0.3862660944206008,54.07725321888412,28.39055793991416,0.1931330472103004,0.965665236051502,1.5450643776824031,0.5793991416309012,4.828326180257511,6.180257510729613,1.351931330472103,0.7725321888412017,4.828326180257511,0.0
Chris Bedia,CIV,Hull City,28,Forward,1561.0,17.344444444444445,4.941063420884048,0.0,0.1729660474055092,0.1153106982703395,1.919923126201153,0.8648302370275465,0.0,4.035874439461884,4.7277386290839205,0.4035874439461883,0.3459320948110185,1.672005124919923,0.2882767456758488,2.0467648942985264,0.0,0.461242793081358,0.0,0.6918641896220371,2500000.0
Sam Bell,ENG,Bristol City,22,Forward,632.0,7.022222222222222,8.544303797468354,0.0,0.0,0.0,0.0,0.1424050632911392,0.0,0.9968354430379748,1.7088607594936709,0.0,0.0,1.139240506329114,0.1424050632911392,14.240506329113924,0.1424050632911392,0.1424050632911392,0.0,0.2848101265822785,1200000.0
Bachir Belloumi,ALG,Hull City,22,Forward,523.0,5.811111111111111,10.875717017208414,0.3441682600382409,4.474187380497132,0.3441682600382409,7.5717017208413,6.711281070745698,0.8604206500956023,25.98470363288719,49.04397705544933,2.581261950286807,6.195028680688337,17.036328871892927,1.2045889101338432,7.382409177820268,9.980879541108989,2.237093690248566,1.548757170172084,5.162523900573614,0.0
Daniel Bennie,AUS,QPR,18,Forward,1117.0,12.411111111111111,5.511190689346464,0.0,0.0805729632945389,0.0,0.0,0.2417188898836168,0.0,1.611459265890779,1.208594449418084,0.0,0.0,0.3222918531781558,0.0,2.6830796777081467,0.1611459265890779,0.0,0.0805729632945389,0.2417188898836168,250000.0
Florian Bianchini,FRA,Swansea City,23,Forward,849.0,9.433333333333334,7.028268551236748,0.0,0.3180212014134275,0.2120141342756183,5.300353356890459,0.6360424028268551,0.0,5.724381625441696,6.572438162544169,0.0,0.5300353356890459,3.0742049469964665,0.6360424028268551,3.742049469964664,1.2720848056537102,1.1660777385159011,0.1060070671378091,1.1660777385159011,2000000.0
Colby Bishop,ENG,Portsmouth,28,Forward,1407.0,15.633333333333333,2.955223880597015,0.0639658848614072,0.1279317697228145,0.1279317697228145,3.1982942430703627,0.3198294243070362,0.1918976545842217,1.791044776119403,2.4946695095948828,0.0,0.0,0.511727078891258,0.1279317697228145,2.840085287846482,0.1279317697228145,0.1279317697228145,0.0639658848614072,0.1918976545842217,700000.0
Corey Blackett-Taylor,ENG,Derby County,27,Forward,815.0,9.055555555555555,7.50920245398773,0.0,0.2208588957055214,0.1104294478527607,5.521472392638037,0.9938650306748468,0.1104294478527607,4.527607361963191,5.411042944785276,0.9938650306748468,1.325153374233129,2.208588957055215,0.0,0.0,0.8834355828220859,0.1104294478527607,0.4417177914110429,1.4355828220858895,500000.0
Harvey Blair,ENG,Portsmouth,21,Forward,744.0,8.266666666666667,7.258064516129031,0.0,0.1209677419354838,0.0,4.028225806451612,0.3629032258064515,0.0,2.540322580645161,4.475806451612903,0.3629032258064515,0.6048387096774193,0.9677419354838708,0.0,4.028225806451612,0.4838709677419354,0.3629032258064515,0.3629032258064515,0.3629032258064515,300000.0
Cameron Brannagan,ENG,Oxford United,28,Midfielder,649.0,7.211111111111111,11.842835130970723,0.2773497688751926,0.4160246533127889,0.1386748844375963,6.157164869029275,1.802773497688752,0.2773497688751926,21.633281972265024,7.627118644067797,0.1386748844375963,0.4160246533127889,0.5546995377503852,0.8320493066255777,0.0,0.6933744221879815,2.4961479198767336,0.970724191063174,3.4668721109399074,500000.0
Alan Browne,IRL,Sunderland,29,Midfielder,1211.0,13.455555555555556,5.900908340214699,0.0,0.2972749793559042,0.074318744838976,4.459124690338563,1.0404624277456649,0.074318744838976,11.66804293971924,6.01981833195706,0.1486374896779521,0.6688687035507844,1.635012386457473,0.074318744838976,2.259289843104872,0.9661436829066888,0.7431874483897605,0.3715937241948802,1.9322873658133772,3000000.0
Josh Brownhill,ENG,Burnley,28,Midfielder,1595.0,17.72222222222222,4.48025078369906,0.1128526645768025,0.8463949843260189,0.3385579937304075,1.6927899686520378,2.6520376175548592,0.3385579937304075,25.05329153605016,17.49216300940439,0.2821316614420063,0.7899686520376176,2.70846394984326,0.5078369905956113,2.313479623824452,1.749216300940439,1.35423197492163,0.90282131661442,3.498432601880878,13000000.0
John Buckley,ENG,Blackburn,25,Midfielder,1309.0,14.544444444444444,6.009167303284951,0.0,0.0687547746371275,0.0,0.0,0.4125286478227655,0.0,6.25668449197861,1.512605042016807,0.0687547746371275,0.0687547746371275,0.1375095492742551,0.0687547746371275,3.437738731856379,0.2062643239113827,0.1375095492742551,0.1375095492742551,0.8938120702826585,2200000.0
Finley Burns,ENG,Hull City,21,Midfielder,609.0,6.766666666666667,11.822660098522167,0.0,0.0,0.0,0.0,0.1477832512315271,0.0,2.0689655172413794,1.625615763546798,0.0,0.0,0.1477832512315271,0.0,7.389162561576355,0.0,0.0,0.5911330049261084,0.7389162561576355,1000000.0
Todd Cantwell,ENG,Blackburn,26,Midfielder,1620.0,18.0,4.283333333333333,0.1666666666666666,0.8888888888888888,0.0555555555555555,1.5444444444444445,2.5,0.2777777777777778,16.77777777777778,13.0,0.7777777777777778,1.6666666666666667,2.888888888888889,0.3888888888888889,1.3888888888888888,2.611111111111111,1.0555555555555556,0.3333333333333333,3.1666666666666665,4500000.0
Žan Celar,SVN,QPR,25,Forward,622.0,6.911111111111111,10.273311897106108,0.0,0.2893890675241157,0.2893890675241157,4.456591639871383,2.604501607717041,0.0,14.180064308681672,13.60128617363344,0.2893890675241157,0.7234726688102894,5.209003215434083,0.2893890675241157,5.498392282958199,0.4340836012861736,0.5787781350482315,0.0,2.893890675241157,0.0
Ilias Chair,MAR,QPR,27,Midfielder,1542.0,17.133333333333333,3.974708171206225,0.0,0.4085603112840467,0.0,2.6556420233463034,1.3424124513618678,0.0,5.66147859922179,7.587548638132296,0.4669260700389105,1.050583657587549,1.284046692607004,0.0,1.1673151750972763,2.684824902723736,0.1167315175097276,0.1167315175097276,1.1089494163424125,7000000.0
Giorgi Chakvetadze,GEO,Watford,25,Midfielder,1238.0,13.755555555555556,5.481421647819063,0.2907915993537964,1.4539579967689822,0.0726978998384491,2.224555735056543,6.47011308562197,0.654281098546042,27.84329563812601,32.786752827140546,2.3990306946688205,7.051696284329563,6.906300484652665,0.7269789983844911,2.82794830371567,6.47011308562197,1.1631663974151858,0.3634894991922455,4.798061389337641,2500000.0
Samuel Chambers,ENG,Leeds United,17,Forward,471.0,5.233333333333333,19.10828025477707,0.0,0.0,0.0,0.0,0.0,0.0,0.0,0.9554140127388536,0.0,0.0,0.3821656050955413,0.0,0.0,0.0,0.0,0.0,0.0,0.0
Shea Charles,NIR,Sheffield Weds,21,Midfielder,1087.0,12.077777777777778,6.524379024839006,0.0827966881324747,1.076356945722171,0.0827966881324747,1.655933762649494,2.4839006439742413,0.2483900643974241,37.09291628334866,14.241030358785649,0.9935602575896963,1.7387304507819688,1.4903403863845446,2.152713891444342,4.727690892364306,2.566697332106716,4.22263109475621,1.7387304507819688,8.44526218951242,10000000.0
Tawanda Chirewa,ZIM,Derby County,21,Midfielder,676.0,7.511111111111111,10.118343195266272,0.0,0.0,0.0,13.313609467455622,0.3994082840236686,0.0,3.3284023668639056,1.198224852071006,0.2662721893491124,0.0,0.665680473372781,0.2662721893491124,0.0,0.0,0.3994082840236686,0.1331360946745562,0.665680473372781,500000.0
Tahith Chong,NED,Luton Town,25,Midfielder,657.0,7.3,10.36986301369863,0.0,0.9589041095890412,0.273972602739726,3.9178082191780814,3.0136986301369864,0.273972602739726,29.04109589041096,26.71232876712329,2.4657534246575343,4.794520547945206,8.493150684931507,0.4109589041095891,5.47945205479452,4.383561643835616,1.36986301369863,0.547945205479452,6.575342465753425,6000000.0
Ibrahim Cissoko,NED,Plymouth Argyle,21,Forward,459.0,5.1,14.019607843137257,0.196078431372549,1.1764705882352942,0.5882352941176471,8.254901960784315,5.882352941176471,0.3921568627450981,24.31372549019608,25.88235294117647,4.313725490196079,7.254901960784315,14.11764705882353,0.3921568627450981,1.7843137254901962,3.9215686274509807,2.9411764705882355,0.7843137254901962,6.666666666666667,1500000.0
Jordan Clark,ENG,Luton Town,31,Midfielder,1710.0,19.0,3.9578947368421056,0.0526315789473684,0.5263157894736842,0.1578947368421052,2.784210526315789,1.7894736842105263,0.0526315789473684,16.842105263157894,10.36842105263158,0.8947368421052632,1.263157894736842,2.6842105263157894,0.5789473684210527,1.7526315789473683,1.6842105263157894,1.5263157894736843,0.6842105263157895,3.526315789473684,1000000.0
Josh Coburn,ENG,Middlesbrough,22,Midfielder,1239.0,13.766666666666667,7.263922518159806,0.0,0.0,0.0,0.0,0.0,0.0,0.0,0.1452784503631961,0.0,0.0,0.072639225181598,0.0,0.0,0.0,0.0,0.0,0.0,1500000.0
Josh Coburn,ENG,Millwall,22,Forward,951.0,10.566666666666666,4.930599369085174,0.0,0.0,0.1892744479495268,5.261829652996846,0.2839116719242902,0.1892744479495268,3.501577287066246,5.0157728706624605,0.2839116719242902,0.1892744479495268,1.2302839116719244,0.3785488958990536,3.378548895899054,0.1892744479495268,0.473186119873817,0.0946372239747634,0.7570977917981073,1500000.0
Jack Colback,ENG,QPR,35,Midfielder,932.0,10.355555555555556,8.546137339055793,0.0,0.0,0.0,0.0,0.0965665236051502,0.0,6.856223175965665,1.834763948497854,0.1931330472103004,0.0,0.0965665236051502,0.0965665236051502,2.4141630901287554,0.0,0.1931330472103004,0.1931330472103004,0.5793991416309012,300000.0
James Collins,IRL,Derby County,34,Forward,944.0,10.488888888888887,6.177966101694915,0.0,0.0953389830508474,0.0,0.0,0.1906779661016949,0.0,3.9088983050847457,2.955508474576271,0.0,0.0953389830508474,1.048728813559322,0.0,2.8983050847457625,0.0953389830508474,0.0953389830508474,0.1906779661016949,0.7627118644067796,175000.0
Rubin Colwill,WAL,Cardiff City,22,Midfielder,1553.0,17.255555555555556,4.630392788151964,0.231809401159047,0.927237604636188,0.0579523502897617,2.746941403734706,3.882807469414037,0.2897617514488087,19.81970379909852,18.370895041854475,1.796522858982614,2.8396651641983257,4.6941403734707015,0.695428203477141,2.746941403734706,2.0283322601416613,1.4488087572440438,0.231809401159047,4.1725692208628455,1200000.0
Tommy Conway,SCO,Middlesbrough,22,Forward,1416.0,15.733333333333333,5.389830508474576,0.0,0.4449152542372881,0.5084745762711864,3.4639830508474576,1.5254237288135597,0.0,5.402542372881356,12.39406779661017,0.4449152542372881,1.5254237288135597,5.466101694915254,0.1271186440677966,1.2711864406779665,0.5720338983050848,0.3813559322033898,0.0635593220338983,0.7627118644067797,4800000.0
Charlie Crew,WAL,Leeds United,18,Midfielder,1123.0,12.477777777777778,6.67586821015138,0.0,0.0,0.0,8.014247551202137,0.0,0.0,0.3205699020480855,0.2404274265360641,0.0,0.0,0.0,0.0,0.0,0.0,0.0,0.0,0.0801424755120213,0.0
Ante Crnac,CRO,Norwich City,20,Forward,546.0,6.066666666666666,12.032967032967033,0.1648351648351648,0.8241758241758242,0.6593406593406593,8.670329670329672,4.78021978021978,0.6593406593406593,28.351648351648358,27.032967032967036,2.142857142857143,3.6263736263736255,8.241758241758243,0.6593406593406593,7.961538461538462,0.989010989010989,2.6373626373626373,0.1648351648351648,5.769230769230769,8000000.0
Liam Cullen,WAL,Swansea City,25,Forward,1362.0,15.133333333333333,5.015418502202643,0.066079295154185,0.3964757709251101,0.2643171806167401,2.1343612334801763,1.4537444933920705,0.13215859030837,11.69603524229075,9.97797356828194,0.13215859030837,0.6607929515418502,2.511013215859031,0.4625550660792952,2.524229074889868,0.3964757709251101,0.8590308370044053,0.066079295154185,1.9162995594713657,1200000.0
Siriki Dembélé,CIV,Oxford United,28,Midfielder,450.0,5.0,14.919999999999998,0.0,0.2,0.0,0.0,2.6,0.2,17.2,17.0,0.8,4.0,5.8,0.6,4.0,1.4,2.4,0.8,4.4,2200000.0
Ousmane Diakité,MLI,West Brom,24,Midfielder,1311.0,14.566666666666666,5.697940503432495,0.0,0.0,0.0,0.0,0.068649885583524,0.0,2.745995423340961,0.8924485125858124,0.0,0.137299771167048,0.205949656750572,0.4805491990846682,3.9199084668192223,0.0,0.6178489702517163,0.068649885583524,0.5491990846681922,700000.0
Jaden Dixon,ENG,Stoke City,17,Forward,1530.0,17.0,5.882352941176471,0.0,0.0,0.0,0.0,0.0,0.0,0.1764705882352941,0.0,0.0,0.0,0.0,0.0,0.0,0.0,0.0,0.0,0.0,300000.0
Ben Doak,SCO,Middlesbrough,19,Forward,738.0,8.2,9.48780487804878,0.6097560975609757,2.9268292682926838,0.1219512195121951,5.231707317073171,7.439024390243903,1.2195121951219514,15.243902439024392,46.21951219512196,3.658536585365854,11.097560975609756,20.1219512195122,1.0975609756097562,4.060975609756097,4.146341463414634,1.829268292682927,0.3658536585365854,4.634146341463415,10000000.0
Lewis Dobbin,ENG,West Brom,21,Forward,872.0,9.688888888888888,7.833715596330276,0.0,0.2064220183486238,0.0,0.0,0.5160550458715597,0.0,5.676605504587156,7.018348623853211,0.8256880733944955,1.0321100917431194,2.1674311926605507,0.2064220183486238,0.0,0.4128440366972477,0.6192660550458716,0.2064220183486238,1.3417431192660552,2500000.0
Mamadou Doumbia,MLI,Watford,18,Forward,1710.0,19.0,2.1052631578947367,0.0,0.0,0.0,0.0,0.0526315789473684,0.0,0.5789473684210527,0.3157894736842105,0.0,0.0,0.2105263157894736,0.0,1.973684210526316,0.0,0.0526315789473684,0.0,0.0,250000.0
Amario Duberry,ENG,Blackburn,19,Forward,1055.0,11.72222222222222,7.029383886255925,0.0,0.0853080568720379,0.0,4.265402843601896,0.5118483412322276,0.0,2.218009478672986,2.5592417061611377,0.4265402843601896,0.7677725118483413,0.7677725118483413,0.0,0.0,0.3412322274881517,0.1706161137440758,0.0,1.023696682464455,0.0
Pierre Dwomoh,BEL,Watford,20,Midfielder,1679.0,18.655555555555555,4.331149493746278,0.0,0.053603335318642,0.0,0.0,0.2144133412745682,0.0,2.6801667659321025,0.4824300178677784,0.053603335318642,0.053603335318642,0.053603335318642,0.1072066706372841,2.379988088147707,0.0,0.1072066706372841,0.5360333531864205,0.5360333531864205,2500000.0
George Earthy,ENG,Bristol City,20,Midfielder,792.0,8.8,9.55681818181818,0.0,0.0,0.0,3.784090909090908,0.4545454545454545,0.2272727272727272,11.363636363636363,7.499999999999999,0.1136363636363636,1.0227272727272727,2.5,0.3409090909090909,0.0,0.5681818181818181,0.6818181818181818,0.4545454545454545,2.5,1000000.0
Kyle Edwards,ENG,Oxford United,26,Midfielder,800.0,8.88888888888889,8.31375,0.1124999999999999,0.1124999999999999,0.0,0.0,0.5625,0.1124999999999999,2.475,3.9375,0.1124999999999999,1.35,1.2375,0.0,4.5,0.5625,0.2249999999999999,0.2249999999999999,1.125,200000.0
Aidomo Emakhu,IRL,Millwall,21,Forward,578.0,6.422222222222223,7.7854671280276815,0.1557093425605536,0.3114186851211072,0.0,0.0,0.6228373702422145,0.1557093425605536,2.3356401384083045,4.826989619377162,0.1557093425605536,1.0899653979238757,0.6228373702422145,0.1557093425605536,0.0,0.9342560553633218,0.7785467128027681,0.1557093425605536,0.7785467128027681,900000.0
Romain Esse,ENG,Millwall,19,Forward,528.0,5.866666666666666,10.892045454545457,0.1704545454545454,3.409090909090909,0.5113636363636364,8.522727272727273,8.522727272727273,0.5113636363636364,45.17045454545455,46.19318181818182,6.306818181818183,4.431818181818183,13.295454545454549,2.897727272727273,5.982954545454546,7.159090909090909,6.818181818181818,1.0227272727272727,13.977272727272728,3000000.0
Oscar Estupiñan,COL,Hull City,27,Forward,1440.0,16.0,3.75,0.0,0.0,0.0625,2.08125,0.0,0.0,1.125,0.75,0.0,0.0,0.1875,0.0,2.84375,0.0,0.0,0.0,0.25,0.0
Christian Fassnacht,SUI,Norwich City,31,Forward,1012.0,11.244444444444444,6.349802371541503,0.0,0.0889328063241106,0.0,2.9614624505928853,0.0,0.0,1.6007905138339922,1.4229249011857708,0.0,0.0,0.7114624505928854,0.0,4.446640316205534,0.0889328063241106,0.1778656126482213,0.0,0.3557312252964427,2500000.0
Tegan Finn,ENG,Plymouth Argyle,0,Midfielder,1161.0,12.9,5.170542635658915,0.0,0.0,0.0,0.0,0.0,0.0,0.2325581395348837,0.0,0.0775193798449612,0.0,0.0,0.0,0.0,0.0,0.0,0.1550387596899224,0.0775193798449612,0.0
Zian Flemming,NED,Burnley,26,Forward,1703.0,18.92222222222222,3.350557839107457,0.0528479154433352,0.2113916617733411,0.0528479154433352,2.4204345273047565,0.6870229007633588,0.0528479154433352,3.752201996476806,4.650616559013506,0.0,0.2642395772166764,1.6382853787433942,0.3170874926600118,3.049324721080447,0.3170874926600118,0.4227833235466823,0.0528479154433352,0.6341749853200236,4200000.0
Tyrese Fornah,SLE,Derby County,25,Midfielder,858.0,9.533333333333331,6.996503496503497,0.0,0.0,0.0,0.0,0.0,0.0,0.2097902097902098,0.0,0.0,0.0,0.0,0.0,0.0,0.0,0.0,0.0,0.0,0.0
Adam Forshaw,ENG,Plymouth Argyle,33,Midfielder,1109.0,12.322222222222225,6.784490532010819,0.0,0.1623083859332732,0.0,3.4815148782687104,0.7303877366997295,0.0,18.584310189359783,4.3823264201983765,0.2434625788999098,0.3246167718665464,1.2984670874661857,0.5680793507664562,4.05770964833183,0.6492335437330928,1.5419296663660955,0.4869251577998196,2.434625788999098,350000.0
Marcus Forss,FIN,Middlesbrough,25,Forward,1710.0,19.0,3.068421052631579,0.0,0.0526315789473684,0.0,0.0,0.0526315789473684,0.0,0.3684210526315789,0.3684210526315789,0.0,0.0526315789473684,0.3684210526315789,0.0,0.0,0.0,0.0,0.0526315789473684,0.0,2800000.0
Michael Frey,SUI,QPR,30,Forward,594.0,6.6,9.818181818181818,0.1515151515151515,0.6060606060606061,0.4545454545454546,3.787878787878788,2.575757575757576,0.1515151515151515,17.424242424242426,15.90909090909091,0.4545454545454546,1.0606060606060606,4.3939393939393945,0.4545454545454546,5.681818181818183,0.303030303030303,1.0606060606060606,0.4545454545454546,3.181818181818182,1000000.0
Mads Frøkjær-Jensen,DEN,Preston,25,Midfielder,1334.0,14.822222222222225,4.72263868065967,0.0,0.8770614692653673,0.1349325337331334,0.964767616191904,1.8215892053973013,0.0,16.19190404797601,14.100449775112445,0.5397301349325337,1.0119940029985006,3.0359820089955023,0.5397301349325337,2.570464767616192,2.023988005997001,1.2143928035982008,0.2023988005997001,3.3733133433283355,0.0
Sam Gallagher,ENG,Stoke City,29,Forward,1268.0,14.088888888888889,3.2933753943217665,0.0709779179810725,0.1419558359621451,0.0709779179810725,1.774447949526814,0.3548895899053628,0.1419558359621451,2.058359621451104,1.8454258675078865,0.0709779179810725,0.1419558359621451,0.4258675078864353,0.0709779179810725,2.363564668769716,0.0709779179810725,0.2839116719242902,0.0,0.2839116719242902,1800000.0
Joe Gelhardt,ENG,Leeds United,22,Forward,743.0,8.255555555555556,6.056527590847913,0.0,0.0,0.0,0.0,0.0,0.0,0.6056527590847913,0.1211305518169582,0.0,0.0,0.1211305518169582,0.0,0.0,0.0,0.0,0.0,0.1211305518169582,4000000.0
Alexander Gilbert,IRL,Middlesbrough,22,Midfielder,1702.0,18.91111111111111,3.876028202115159,0.0,0.1057579318448883,0.0,0.0,0.1586368977673325,0.0,0.4230317273795534,1.2162162162162162,0.0,0.0,0.2115158636897767,0.0,0.0,0.1057579318448883,0.0528789659224441,0.0,0.1057579318448883,0.0
Wilfried Gnonto,ITA,Leeds United,21,Forward,1698.0,18.866666666666667,4.144876325088339,0.2650176678445229,1.431095406360424,0.1590106007067137,1.7650176678445229,3.23321554770318,0.3710247349823321,16.96113074204947,21.46643109540636,1.431095406360424,3.021201413427561,7.950530035335689,0.2120141342756183,2.273851590106007,1.6431095406360423,0.4770318021201413,0.4240282685512367,3.021201413427561,16000000.0
Will Goodwin,ENG,Oxford United,22,Forward,640.0,7.111111111111111,5.625,0.0,0.0,0.0,0.0,0.140625,0.0,0.28125,0.5625,0.0,0.0,0.140625,0.0,7.03125,0.0,0.0,0.0,0.0,325000.0
Karlan Grant,ENG,West Brom,27,Forward,1251.0,13.9,4.892086330935252,0.1438848920863309,0.8633093525179856,0.2877697841726618,2.597122302158273,2.8776978417266186,0.2158273381294964,15.035971223021582,22.374100719424455,1.079136690647482,4.748201438848921,8.345323741007194,0.2877697841726618,1.7985611510791366,4.460431654676259,1.3669064748201438,0.7913669064748201,4.172661870503597,3800000.0
Sam Greenwood,ENG,Preston,22,Forward,1524.0,16.933333333333334,3.5492125984251968,0.1181102362204724,0.8267716535433071,0.2362204724409448,2.320866141732284,2.8937007874015745,0.1771653543307086,12.578740157480317,13.523622047244094,0.5905511811023622,1.7125984251968505,3.956692913385827,0.4724409448818897,1.5413385826771655,4.3700787401574805,0.8858267716535433,0.2362204724409448,2.4803149606299213,4500000.0
Makhtar Gueye,SEN,Blackburn,27,Forward,1250.0,13.88888888888889,3.3552,0.216,0.36,0.0,2.2176,0.864,0.216,8.424,5.472,0.288,0.72,1.728,0.36,3.5208,0.288,0.648,0.288,1.656,2000000.0
Hayden Hackney,ENG,Middlesbrough,22,Midfielder,616.0,6.844444444444444,12.228896103896105,0.1461038961038961,3.7987012987012982,0.2922077922077922,5.478896103896104,8.474025974025974,0.8766233766233766,112.6461038961039,49.38311688311688,2.9220779220779223,5.551948051948052,4.967532467532468,1.168831168831169,5.8441558441558445,1.8993506493506491,3.7987012987012982,2.0454545454545454,14.902597402597404,7000000.0
Micah Hamilton,ENG,Middlesbrough,21,Forward,633.0,7.033333333333333,12.440758293838863,0.0,1.4218009478672986,0.0,2.843601895734597,0.9952606635071092,0.0,9.24170616113744,16.919431279620852,0.4265402843601896,2.985781990521327,5.545023696682464,0.2843601895734597,7.109004739336493,0.7109004739336493,0.7109004739336493,0.0,1.848341232227488,3200000.0
Ryan Hardie,SCO,Plymouth Argyle,27,Forward,925.0,10.27777777777778,5.818378378378378,0.0972972972972972,0.3891891891891891,0.0972972972972972,2.4324324324324325,1.0702702702702702,0.1945945945945945,6.2270270270270265,8.172972972972973,0.4864864864864864,0.9729729729729728,3.5027027027027025,0.4864864864864864,1.8194594594594595,0.3891891891891891,0.681081081081081,0.0972972972972972,1.1675675675675674,1800000.0
Mark Harris,WAL,Oxford United,25,Forward,673.0,7.477777777777778,10.430906389301636,0.0,0.4011887072808321,0.5349182763744428,6.980683506686479,2.139673105497771,0.0,20.59435364041605,16.047548291233284,1.2035661218424962,1.7384843982169391,5.482912332838039,0.5349182763744428,1.9791976225854384,0.0,1.0698365527488856,0.1337295690936107,3.8781575037147102,700000.0
Ryan Hedges,WAL,Blackburn,29,Forward,1249.0,13.877777777777778,5.130504403522818,0.0720576461168935,1.0088070456365092,0.0720576461168935,2.651721377101681,2.089671737389912,0.144115292233787,20.824659727782223,17.942353883106485,0.5764611689351481,2.8102481985588468,6.917534027221778,0.7926341072858286,3.602882305844676,2.7381905524419534,2.522017614091273,0.9367493995196156,3.602882305844676,1200000.0
Jordan Houghton,ENG,Plymouth Argyle,29,Midfielder,915.0,10.166666666666666,6.236065573770492,0.0,0.0983606557377049,0.0,4.918032786885246,0.5901639344262295,0.0,10.229508196721312,2.8524590163934427,0.0,0.0,0.3934426229508197,0.2950819672131147,5.360655737704918,0.6885245901639344,0.6885245901639344,0.3934426229508197,1.278688524590164,1500000.0
Jonny Howson,ENG,Middlesbrough,36,Midfielder,727.0,8.077777777777778,10.324621733149932,0.0,0.2475928473177441,0.0,6.1898211829436045,0.9903713892709768,0.0,21.540577716643742,8.541953232462173,0.2475928473177441,0.2475928473177441,0.8665749656121046,0.2475928473177441,3.0949105914718023,0.9903713892709768,0.8665749656121046,0.4951856946354883,2.1045392022008254,0.0
Vakoun Issouf Bayo,CIV,Watford,27,Forward,1168.0,12.977777777777778,5.879280821917808,0.0,0.3082191780821918,0.5393835616438356,3.336472602739726,1.1558219178082192,0.1541095890410959,11.558219178082192,11.789383561643836,0.4623287671232877,0.6934931506849314,3.3904109589041096,0.3082191780821918,2.843321917808219,0.0770547945205479,0.5393835616438356,0.1541095890410959,1.3099315068493151,0.0
Mihailo Ivanović,SRB,Millwall,20,Forward,1298.0,14.422222222222222,4.85362095531587,0.0,0.0693374422187981,0.0693374422187981,4.6248073959938365,0.3466872110939907,0.1386748844375963,2.4961479198767336,2.357473035439137,0.1386748844375963,0.0693374422187981,0.6933744221879815,0.1386748844375963,1.8235747303543917,0.0693374422187981,0.1386748844375963,0.0,0.4160246533127889,0.0
Eom Jisung,KOR,Swansea City,22,Forward,1710.0,19.0,3.826315789473684,0.0526315789473684,0.5263157894736842,0.0,0.7894736842105263,1.3157894736842106,0.0526315789473684,6.368421052631579,9.894736842105264,0.7894736842105263,1.0526315789473684,3.473684210526316,0.3684210526315789,1.831578947368421,2.1578947368421053,0.6842105263157895,0.2105263157894736,1.2105263157894737,0.0
Daniel Johnson,JAM,Stoke City,32,Forward,578.0,6.422222222222223,15.570934256055365,0.0,0.0,0.0,0.0,0.0,0.0,0.3114186851211072,0.1557093425605536,0.0,0.0,0.0,0.0,0.0,0.0,0.0,0.0,0.1557093425605536,0.0
Michael Johnston,IRL,West Brom,25,Forward,1150.0,12.77777777777778,6.16695652173913,0.0782608695652173,0.7043478260869565,0.0,1.8391304347826083,2.7391304347826084,0.3130434782608695,10.565217391304348,16.2,1.1739130434782608,2.7391304347826084,3.6,0.3913043478260869,0.868695652173913,1.9565217391304344,0.7826086956521738,0.2347826086956521,1.9565217391304344,0.0
Isaiah Jones,GUY,Middlesbrough,25,Forward,470.0,5.222222222222222,14.05531914893617,0.0,2.6808510638297878,0.0,4.787234042553191,4.595744680851063,0.3829787234042553,21.638297872340424,31.40425531914893,0.9574468085106382,3.829787234042553,12.638297872340424,1.1489361702127658,5.897872340425532,2.297872340425532,2.872340425531915,0.7659574468085106,5.361702127659575,4000000.0
Bae Junho,KOR,Stoke City,21,Forward,1300.0,14.444444444444445,5.102307692307693,0.3461538461538461,0.8307692307692307,0.0,1.9246153846153848,3.669230769230769,0.4846153846153846,23.26153846153846,20.976923076923075,1.8692307692307693,2.907692307692308,6.576923076923077,0.8307692307692307,2.305384615384616,4.015384615384615,1.9384615384615385,0.7615384615384615,5.884615384615384,0.0
Abu Kamara,ENG,Hull City,21,Forward,794.0,8.822222222222223,8.217884130982368,0.2267002518891687,1.0201511335012594,0.0,4.250629722921914,3.060453400503778,0.3400503778337531,13.148614609571789,19.38287153652393,1.1335012594458438,4.534005037783375,9.06801007556675,0.4534005037783375,4.86272040302267,3.400503778337532,1.2468513853904282,0.7934508816120907,3.740554156171284,4000000.0
Wilfried Kanga,CIV,Cardiff City,26,Forward,674.0,7.488888888888889,8.051928783382788,0.0,0.2670623145400593,0.0,2.6706231454005933,0.6676557863501483,0.1335311572700296,5.207715133531157,5.741839762611276,0.1335311572700296,0.5341246290801187,2.4035608308605343,0.0,5.167655786350148,0.1335311572700296,0.0,0.0,0.400593471810089,4000000.0
Edo Kayembe,COD,Watford,26,Midfielder,1162.0,12.911111111111111,6.289156626506024,0.0,0.6970740103270223,0.387263339070568,2.695352839931153,2.5559380378657486,0.2323580034423407,25.559380378657487,14.638554216867467,0.5421686746987951,0.8519793459552496,2.943201376936317,0.387263339070568,2.0524956970740105,1.549053356282272,1.3166953528399312,0.5421686746987951,4.724612736660929,3000000.0
Will Keane,IRL,Preston,31,Midfielder,744.0,8.266666666666667,10.125,0.0,0.1209677419354838,0.1209677419354838,2.419354838709677,0.3629032258064515,0.0,7.379032258064515,4.71774193548387,0.1209677419354838,0.0,1.2096774193548383,0.1209677419354838,6.907258064516128,0.1209677419354838,0.2419354838709677,0.2419354838709677,2.056451612903225,900000.0
Luca Koleosho,ITA,Burnley,20,Forward,934.0,10.377777777777778,7.111349036402569,0.0,2.505353319057816,0.1927194860813704,3.2087794432548176,4.817987152034261,0.0963597430406852,28.23340471092077,35.65310492505353,3.661670235546038,6.4561027837259095,13.49036402569593,1.0599571734475377,1.6766595289079227,5.492505353319058,2.601713062098501,0.4817987152034261,6.070663811563169,12000000.0
Lewis Koumas,WAL,Stoke City,19,Midfielder,561.0,6.233333333333333,11.06951871657754,0.160427807486631,1.4438502673796791,0.481283422459893,5.101604278074866,4.171122994652406,0.481283422459893,16.363636363636363,22.62032085561497,1.925133689839572,5.614973262032086,8.502673796791443,0.962566844919786,2.085561497326203,1.925133689839572,3.5294117647058822,0.8021390374331551,4.331550802139037,1500000.0
Tom Krauß,GER,Luton Town,23,Midfielder,520.0,5.777777777777778,13.084615384615384,0.5192307692307693,1.5576923076923077,0.173076923076923,1.7307692307692308,3.2884615384615383,0.6923076923076923,39.98076923076923,24.57692307692308,0.8653846153846154,1.2115384615384617,3.4615384615384617,3.2884615384615383,9.882692307692308,1.0384615384615383,8.653846153846153,1.2115384615384617,12.807692307692308,4000000.0
Paddy Lane,NIR,Portsmouth,23,Midfielder,511.0,5.677777777777778,11.131115459882585,0.1761252446183953,0.5283757338551859,0.0,7.045009784735812,2.4657534246575343,0.1761252446183953,15.499021526418788,17.26027397260274,0.5283757338551859,2.2896281800391387,6.516634050880626,0.3522504892367906,2.5185909980430528,3.698630136986301,1.761252446183953,0.1761252446183953,3.1702544031311155,700000.0
Callum Lang,ENG,Portsmouth,26,Midfielder,1398.0,15.533333333333331,3.881974248927039,0.0643776824034334,0.3218884120171674,0.3218884120171674,1.9506437768240343,1.738197424892704,0.4506437768240343,7.854077253218884,11.909871244635193,0.9012875536480688,1.9957081545064377,3.476394849785408,0.3862660944206008,2.6845493562231764,1.0300429184549356,1.094420600858369,0.3218884120171674,3.0901287553648067,900000.0
Josh Laurent,ENG,Burnley,29,Midfielder,1662.0,18.466666666666665,4.1642599277978345,0.0541516245487364,0.5415162454873647,0.0,0.7743682310469315,0.9747292418772564,0.0541516245487364,12.12996389891697,5.577617328519856,0.3790613718411553,0.7581227436823106,1.787003610108303,0.2707581227436823,3.249097472924188,0.3790613718411553,0.5956678700361011,0.5415162454873647,1.9494584837545128,2000000.0
Tom Leahy,ENG,Millwall,20,Forward,836.0,9.28888888888889,0.0,0.0,0.0,0.0,0.0,0.0,0.0,0.1076555023923444,0.0,0.0,0.0,0.0,0.0,0.0,0.0,0.0,0.0,0.0,0.0
Harry Leonard,ENG,Blackburn,21,Midfielder,774.0,8.6,3.8720930232558137,0.0,0.0,0.0,0.0,0.1162790697674418,0.0,0.4651162790697674,0.4651162790697674,0.0,0.0,0.2325581395348837,0.0,8.720930232558139,0.0,0.0,0.0,0.0,1000000.0
Alfie Lloyd,ENG,QPR,21,Forward,1620.0,18.0,3.938888888888889,0.0,0.0,0.0555555555555555,1.3888888888888888,0.3888888888888889,0.0,2.2777777777777777,3.388888888888889,0.2777777777777778,0.5,0.8333333333333334,0.0555555555555555,1.588888888888889,0.0555555555555555,0.2222222222222222,0.0,0.3888888888888889,300000.0
Ryan Longman,ENG,Hull City,24,Forward,455.0,5.055555555555555,13.114285714285714,0.0,0.3956043956043956,0.0,9.89010989010989,2.175824175824176,0.0,3.164835164835165,14.043956043956044,0.989010989010989,1.5824175824175826,5.736263736263736,0.1978021978021978,11.868131868131869,2.571428571428572,0.5934065934065934,0.0,1.3846153846153846,2000000.0
Imran Louza,MAR,Watford,25,Midfielder,651.0,7.233333333333333,11.322580645161292,0.0,0.4147465437788018,0.0,5.184331797235023,2.350230414746544,0.1382488479262673,34.56221198156682,12.027649769585253,0.4147465437788018,0.5529953917050692,1.2442396313364057,0.1382488479262673,9.221198156682028,3.870967741935484,1.1059907834101383,0.4147465437788018,3.870967741935484,0.0
Josh Maja,NGA,West Brom,25,Forward,1119.0,12.433333333333334,6.353887399463807,0.1608579088471849,0.5630026809651475,0.8042895442359249,3.353887399463807,2.6541554959785523,0.3217158176943699,20.750670241286866,13.83378016085791,1.126005361930295,0.8847184986595175,5.14745308310992,0.6434316353887399,2.7426273458445043,0.2412868632707774,0.7238605898123325,0.8042895442359249,3.619302949061662,3200000.0
Benson Manuel,ANG,Burnley,27,Midfielder,1450.0,16.11111111111111,4.878620689655172,0.0,0.0,0.0,0.0,0.1241379310344827,0.0,0.2482758620689655,0.7448275862068966,0.0,0.1862068965517241,0.496551724137931,0.0,0.0,0.2482758620689655,0.0,0.0,0.0,5000000.0
Ephron Mason-Clark,ENG,Coventry City,25,Forward,794.0,8.822222222222223,7.991183879093199,0.1133501259445843,1.1335012594458438,0.2267002518891687,4.318639798488665,2.8337531486146093,0.2267002518891687,11.561712846347609,18.58942065491184,0.906801007556675,4.080604534005038,8.387909319899244,0.6801007556675063,5.100755667506297,3.400503778337532,1.5869017632241813,0.7934508816120907,2.4937027707808563,4500000.0
Alistair McCann,NIR,Preston,25,Midfielder,701.0,7.788888888888889,10.476462196861624,0.0,0.5135520684736091,0.1283880171184022,1.4251069900142652,2.4393723252496438,0.0,48.65905848787447,19.514978601997147,0.6419400855920114,0.8987161198288159,3.594864479315264,2.9529243937232525,5.405135520684737,1.5406562054208277,6.804564907275321,1.155492154065621,7.831669044222539,0.0
George McCormick,ENG,Middlesbrough,19,Forward,1710.0,19.0,0.0,0.0,0.0,0.0,0.0,0.0,0.0,0.0,0.0,0.0,0.0,0.0,0.0,0.0,0.0,0.0,0.0,0.0,0.0
Marcus McGuane,ENG,Bristol City,25,Midfielder,1147.0,12.744444444444444,6.787271142109852,0.0,0.07846556233653,0.0,0.0,0.4707933740191805,0.0,15.693112467306015,4.472537053182215,0.5492589363557105,0.7061900610287708,0.7846556233653008,0.5492589363557105,3.923278116826504,0.1569311246730601,1.4123801220575416,0.1569311246730601,2.6678291194420227,500000.0
Kenny McLean,SCO,Norwich City,32,Midfielder,1620.0,18.0,4.944444444444445,0.1666666666666666,0.5,0.0,1.1111111111111112,1.5555555555555556,0.3888888888888889,42.05555555555556,6.277777777777778,0.1666666666666666,1.3333333333333333,0.3888888888888889,1.4444444444444444,2.6444444444444444,0.7777777777777778,2.4444444444444446,0.6666666666666666,4.333333333333333,900000.0
Yakou Méïte,CIV,Cardiff City,28,Forward,744.0,8.266666666666667,7.076612903225806,0.0,0.2419354838709677,0.1209677419354838,2.685483870967741,1.3306451612903225,0.0,8.104838709677418,10.64516129032258,0.9677419354838708,1.3306451612903225,4.596774193548387,0.846774193548387,5.370967741935483,1.0887096774193548,1.4516129032258065,0.2419354838709677,2.177419354838709,0.0
Hannibal Mejbri,TUN,Burnley,21,Midfielder,1560.0,17.333333333333332,4.448076923076923,0.0,0.2307692307692307,0.0,0.7211538461538463,1.2692307692307694,0.0576923076923076,12.75,8.01923076923077,0.8653846153846154,1.0384615384615383,1.7884615384615383,0.2307692307692307,2.307692307692308,0.8653846153846154,0.6346153846153847,0.1730769230769231,1.8461538461538465,0.0
Nathaniel Mendez-Laing,GUA,Derby County,32,Forward,443.0,4.922222222222223,13.367945823927764,0.6094808126410834,5.079006772009029,0.4063205417607223,3.9006772009029342,11.376975169300223,1.015801354401806,57.494356659142206,59.52595936794582,2.641083521444695,6.907449209932279,17.878103837471784,2.234762979683973,10.158013544018058,20.316027088036115,5.688487584650113,3.656884875846501,10.970654627539504,0.0
Billy Mitchell,ENG,Millwall,24,Midfielder,1286.0,14.28888888888889,4.996889580093312,0.0,0.0,0.0,0.0,0.0699844479004665,0.0,0.3499222395023328,0.2799377916018662,0.0,0.0,0.0,0.0,6.998444790046656,0.0,0.0699844479004665,0.0,0.0699844479004665,3200000.0
Idris El Mizouni,TUN,Oxford United,24,Midfielder,1458.0,16.2,5.271604938271605,0.1234567901234568,0.4320987654320988,0.0617283950617284,2.055555555555556,1.7283950617283952,0.2469135802469136,21.11111111111111,9.012345679012348,0.3703703703703704,1.5432098765432098,2.160493827160494,1.1111111111111112,2.469135802469136,0.3703703703703704,2.098765432098765,0.6790123456790124,3.703703703703704,450000.0
Ryan Mmaee,MAR,Stoke City,27,Forward,1060.0,11.77777777777778,5.807547169811321,0.0,0.0,0.0,0.0,0.0,0.0,1.6981132075471697,0.5943396226415094,0.0,0.0,0.0,0.0,6.367924528301886,0.0,0.0,0.0,0.2547169811320754,0.0
Jayson Molumby,IRL,West Brom,25,Midfielder,495.0,5.5,15.945454545454544,0.0,1.4545454545454546,0.1818181818181818,12.127272727272729,4.0,0.1818181818181818,74.0,26.181818181818183,2.1818181818181817,4.181818181818182,4.727272727272728,2.0,5.6000000000000005,1.2727272727272727,4.181818181818182,1.818181818181818,10.545454545454543,3000000.0
Kieran Morgan,ENG,QPR,18,Midfielder,1050.0,11.666666666666666,6.48,0.0,0.2571428571428572,0.0857142857142857,2.571428571428572,0.6857142857142857,0.0857142857142857,12.514285714285714,6.085714285714286,0.0857142857142857,0.3428571428571428,1.1142857142857143,0.4285714285714286,3.8057142857142856,0.2571428571428572,0.8571428571428572,0.5142857142857143,1.9714285714285715,0.0
Carlton Morris,ENG,Luton Town,28,Forward,920.0,10.22222222222222,6.016304347826088,0.0978260869565217,0.9782608695652176,0.391304347826087,3.5608695652173914,2.836956521739131,0.2934782608695652,17.41304347826087,22.793478260869566,0.9782608695652176,1.565217391304348,7.043478260869565,0.0978260869565217,5.165217391304348,0.782608695652174,0.6847826086956522,0.2934782608695652,3.717391304347826,11000000.0
Alex Mowatt,ENG,West Brom,29,Midfielder,833.0,9.255555555555556,9.410564225690274,0.1080432172869147,0.7563025210084033,0.3241296518607443,3.932773109243697,5.186074429771908,0.1080432172869147,87.51500600240095,26.038415366146456,0.432172869147659,2.7010804321728688,2.484993997599039,0.864345738295318,6.169267707082833,6.374549819927971,3.0252100840336134,1.296518607442977,9.939975990396157,3500000.0
Owen Moxon,ENG,Portsmouth,26,Midfielder,1185.0,13.166666666666666,4.587341772151899,0.0,0.2278481012658228,0.0,7.59493670886076,0.3037974683544304,0.0,2.6582278481012658,1.6708860759493671,0.0759493670886076,0.0,0.0,0.1518987341772152,5.69620253164557,0.5316455696202532,0.2278481012658228,0.1518987341772152,0.9873417721518988,450000.0
Josh Murphy,ENG,Portsmouth,29,Forward,697.0,7.7444444444444445,6.869440459110474,0.5164992826398852,2.582496413199426,0.5164992826398852,3.473457675753228,4.131994261119082,1.0329985652797704,17.69010043041607,28.7948350071736,2.1951219512195124,5.4232424677187945,8.393113342898134,0.5164992826398852,3.3443328550932567,6.843615494978479,1.678622668579627,1.0329985652797704,7.87661406025825,800000.0
Marvelous Nakamba,ZIM,Luton Town,30,Midfielder,799.0,8.877777777777778,9.428035043804757,0.0,0.2252816020025031,0.0,0.0,0.5632040050062578,0.1126408010012515,15.20650813516896,5.519399249061326,0.0,0.2252816020025031,0.4505632040050062,1.013767209011264,5.632040050062578,0.1126408010012515,2.027534418022528,0.7884856070087609,4.280350438047559,5000000.0
Daniel Neil,ENG,Sunderland,23,Midfielder,1598.0,17.755555555555556,4.736545682102628,0.1689612015018773,0.5632040050062578,0.0,0.4336670838548185,2.083854818523154,0.2252816020025031,31.933667083854814,9.06758448060075,0.506883604505632,0.9574468085106382,0.9011264080100124,0.7321652065081351,2.816020025031289,0.5632040050062578,1.6332916145181475,1.1827284105131413,5.294117647058823,0.0
Casper de Norre,BEL,Millwall,27,Midfielder,491.0,5.455555555555556,15.103869653767822,0.1832993890020366,2.19959266802444,0.1832993890020366,3.2260692464358454,5.132382892057026,0.3665987780040733,79.0020366598778,28.228105906313644,0.7331975560081466,1.64969450101833,3.4826883910386965,3.29938900203666,9.934826883910388,1.64969450101833,7.331975560081466,6.04887983706721,12.830957230142566,2200000.0
Mark O'Mahony,IRL,Portsmouth,19,Forward,1545.0,17.166666666666668,2.6970873786407763,0.0,0.0,0.116504854368932,1.666019417475728,0.233009708737864,0.0,2.155339805825242,3.262135922330097,0.0,0.058252427184466,0.7572815533980582,0.058252427184466,1.4563106796116505,0.058252427184466,0.116504854368932,0.058252427184466,0.233009708737864,300000.0
Michael Obafemi,IRL,Plymouth Argyle,24,Forward,813.0,9.033333333333331,8.623616236162363,0.0,0.1107011070110701,0.2214022140221402,4.428044280442805,1.1070110701107012,0.0,7.195571955719557,8.523985239852399,0.1107011070110701,0.996309963099631,3.763837638376384,0.2214022140221402,0.0,0.2214022140221402,0.3321033210332103,0.0,1.992619926199262,1800000.0
Yuki Ohashi,JPN,Blackburn,28,Forward,761.0,8.455555555555556,7.557161629434954,0.0,0.8278580814717477,0.4730617608409986,3.54796320630749,2.128777923784494,0.1182654402102496,23.061760840998687,18.804204993429696,0.709592641261498,2.483574244415243,8.396846254927727,1.419185282522996,3.630749014454665,1.3009198423127464,2.128777923784494,0.709592641261498,4.375821287779238,1500000.0
Ben Osborn,ENG,Derby County,30,Midfielder,631.0,7.011111111111111,10.568938193343898,0.1426307448494453,1.5689381933438986,0.0,0.0,5.847860538827258,0.4278922345483359,41.36291600633914,18.39936608557845,0.1426307448494453,1.1410459587955626,2.995245641838352,1.5689381933438986,5.19175911251981,6.561014263074485,2.995245641838352,1.283676703645008,6.2757527733755945,900000.0
Marlon Pack,ENG,Portsmouth,33,Midfielder,1237.0,13.744444444444444,5.4203718674211805,0.0727566693613581,0.5820533548908651,0.0,1.2150363783346807,2.6192400970088925,0.1455133387227162,31.86742118027486,12.659660468876314,0.2910266774454325,0.2910266774454325,0.8003233629749394,0.6548100242522231,4.736459175424414,2.837510105092967,1.4551333872271626,1.091350040420372,4.8019401778496364,300000.0
Callum Paterson,SCO,Sheffield Weds,30,Forward,538.0,5.977777777777778,7.99628252788104,0.1672862453531598,0.0,0.0,0.0,0.3345724907063197,0.1672862453531598,2.3420074349442377,3.513011152416357,0.1672862453531598,0.1672862453531598,0.3345724907063197,0.0,11.509293680297397,0.3345724907063197,0.1672862453531598,0.1672862453531598,0.1672862453531598,800000.0
João Pedro,ITA,Hull City,32,Forward,945.0,10.5,7.457142857142857,0.0,0.0,0.1904761904761904,3.809523809523809,0.2857142857142857,0.0,4.571428571428571,2.952380952380953,0.1904761904761904,0.0952380952380952,1.1428571428571428,0.2857142857142857,3.704761904761905,0.0,0.3809523809523809,0.0952380952380952,0.2857142857142857,3000000.0
Matt Phillips,SCO,Oxford United,33,Midfielder,1260.0,14.0,5.064285714285715,0.0714285714285714,0.1428571428571428,0.0,4.764285714285714,0.5714285714285714,0.1428571428571428,4.142857142857143,3.2857142857142856,0.0714285714285714,0.6428571428571429,1.0,0.0714285714285714,3.3000000000000003,0.2857142857142857,0.1428571428571428,0.0714285714285714,1.2142857142857142,400000.0
Freddie Potts,ENG,Portsmouth,21,Midfielder,1256.0,13.955555555555556,5.073248407643312,0.0,0.501592356687898,0.071656050955414,2.6871019108280256,1.5047770700636942,0.071656050955414,22.929936305732483,8.670382165605096,0.5732484076433121,0.501592356687898,1.2181528662420382,0.8598726114649682,4.571656050955414,2.579617834394905,1.7914012738853502,1.003184713375796,3.726114649681529,600000.0
Ian Poveda,ENG,Sunderland,24,Forward,1117.0,12.411111111111111,5.752909579230081,0.0,0.0,0.0,0.0,0.0805729632945389,0.0,0.6445837063563116,1.1280214861235451,0.0,0.3222918531781558,0.4834377797672336,0.1611459265890779,0.0,0.1611459265890779,0.2417188898836168,0.0,0.1611459265890779,900000.0
Przemysław Płacheta,POL,Oxford United,26,Midfielder,619.0,6.877777777777778,9.79967689822294,0.0,0.1453957996768982,0.0,3.634894991922456,0.7269789983844911,0.0,8.723747980613894,5.9612277867528265,0.1453957996768982,0.7269789983844911,2.9079159935379644,0.5815831987075929,2.0791599353796446,1.308562197092084,0.7269789983844911,0.1453957996768982,2.9079159935379644,0.0
Mileta Rajovic,DEN,Watford,25,Forward,1042.0,11.577777777777778,5.182341650671785,0.0,0.0,0.0863723608445297,4.318618042226488,0.0863723608445297,0.0,0.4318618042226487,0.6046065259117083,0.0,0.0,0.1727447216890595,0.0,1.5719769673704411,0.0,0.0,0.0,0.0,0.0
Joe Ralls,ENG,Cardiff City,31,Midfielder,1070.0,11.88888888888889,6.577570093457944,0.0841121495327102,0.2523364485981308,0.0,2.800934579439252,2.0186915887850465,0.1682242990654205,22.289719626168225,7.822429906542056,0.1682242990654205,0.4205607476635514,0.9252336448598132,0.6728971962616822,4.676635514018692,3.1121495327102804,0.8411214953271028,0.4205607476635514,2.7757009345794392,1200000.0
Largie Ramazani,BEL,Leeds United,23,Forward,1220.0,13.555555555555555,5.554918032786885,0.0737704918032786,0.8114754098360656,0.221311475409836,2.766393442622951,1.1065573770491803,0.0737704918032786,7.745901639344263,7.967213114754099,0.6639344262295082,1.6229508196721312,3.39344262295082,0.3688524590163934,0.0,0.5901639344262295,0.8114754098360656,0.221311475409836,1.5491803278688523,6000000.0
Aaron Ramsey,WAL,Cardiff City,33,Midfielder,1073.0,11.922222222222222,6.676607642124883,0.0,0.3355079217148182,0.0,4.193849021435228,0.7548928238583411,0.0,12.49767008387698,5.70363466915191,0.0838769804287045,0.4193849021435228,1.5936626281453867,0.4193849021435228,2.7931034482758617,0.6710158434296365,0.8387698042870456,0.1677539608574091,1.4259086672879775,13000000.0
Aaron Ramsey,WAL,Cardiff City,33,Midfielder,1073.0,11.922222222222222,6.676607642124883,0.0,0.3355079217148182,0.0,4.193849021435228,0.7548928238583411,0.0,12.49767008387698,5.70363466915191,0.0838769804287045,0.4193849021435228,1.5936626281453867,0.4193849021435228,2.7931034482758617,0.6710158434296365,0.8387698042870456,0.1677539608574091,1.4259086672879775,1000000.0
Michael Reindorf,ENG,Cardiff City,19,Forward,491.0,5.455555555555556,11.456211812627291,0.0,0.0,0.0,0.0,0.1832993890020366,0.0,0.7331975560081466,1.64969450101833,0.0,0.1832993890020366,0.1832993890020366,0.0,0.0,0.1832993890020366,0.1832993890020366,0.0,0.3665987780040733,0.0
Chris Rigg,ENG,Sunderland,17,Midfielder,1200.0,13.333333333333334,5.7,0.0,1.275,0.2249999999999999,2.7,3.75,0.525,26.25,18.825,1.2,1.875,6.6,0.6,2.295,2.25,1.425,0.375,4.2,9000000.0
Emil Riis Jakobsen,DEN,Preston,26,Forward,1089.0,12.1,5.074380165289257,0.1652892561983471,0.578512396694215,0.4132231404958678,3.3057851239669422,2.066115702479339,0.3305785123966942,13.388429752066116,16.859504132231404,0.9917355371900828,1.8181818181818183,7.024793388429752,0.578512396694215,2.0330578512396698,0.8264462809917356,0.9917355371900828,0.1652892561983471,2.479338842975207,0.0
Alexander Robertson,AUS,Cardiff City,21,Midfielder,1441.0,16.011111111111113,5.121443442054129,0.0624566273421235,0.4996530187369881,0.124913254684247,1.561415683553088,2.5607217210270643,0.0624566273421235,25.232477446217903,12.553782095766827,0.4996530187369881,0.4371963913948646,1.1242192921582232,0.4996530187369881,3.747397640527411,3.497571131158917,1.311589174184594,1.1242192921582232,3.684941013185288,0.0
Callum Robinson,IRL,Cardiff City,29,Forward,1025.0,11.38888888888889,6.813658536585365,0.0,0.4390243902439024,0.4390243902439024,4.021463414634146,1.84390243902439,0.2634146341463415,12.81951219512195,11.678048780487805,0.6146341463414634,1.7560975609756098,4.302439024390244,0.0,2.6341463414634148,0.7024390243902439,0.1756097560975609,0.0878048780487804,2.0195121951219512,1800000.0
Ronald,BRA,Swansea City,23,Forward,605.0,6.722222222222222,10.963636363636365,0.5950413223140496,2.5289256198347108,0.1487603305785124,4.254545454545455,6.991735537190083,0.8925619834710744,39.86776859504132,63.37190082644628,4.31404958677686,10.115702479338845,23.801652892561982,2.5289256198347108,4.388429752066116,8.033057851239668,4.760330578512397,1.487603305785124,9.223140495867767,1800000.0
Joe Rothwell,ENG,Leeds United,29,Midfielder,432.0,4.8,17.791666666666668,0.4166666666666667,1.4583333333333337,0.0,5.208333333333334,10.625,0.4166666666666667,128.95833333333334,52.708333333333336,0.8333333333333334,3.75,3.333333333333333,1.25,12.8125,17.708333333333336,1.875,2.5,9.375,2200000.0
Pelly Ruddock Mpanzu,COD,Luton Town,31,Midfielder,1614.0,17.933333333333334,3.7193308550185873,0.0,0.0557620817843866,0.0,0.0,0.2230483271375464,0.0,1.5613382899628252,0.8921933085501859,0.0557620817843866,0.1115241635687732,0.1115241635687732,0.0,1.1152416356877324,0.0557620817843866,0.0557620817843866,0.0,0.2230483271375464,1500000.0
Jack Rudoni,ENG,Coventry City,24,Midfielder,646.0,7.177777777777778,10.030959752321982,0.696594427244582,3.343653250773994,0.2786377708978328,4.179566563467492,9.752321981424148,0.8359133126934984,60.88235294117647,67.70897832817337,1.5325077399380804,5.851393188854489,16.021671826625386,1.2538699690402475,8.289473684210526,19.922600619195045,2.9256965944272446,2.089783281733746,8.637770897832818,5500000.0
Nazariy Rusyn,UKR,Sunderland,26,Forward,1710.0,19.0,3.236842105263158,0.0,0.0,0.0,0.0,0.0526315789473684,0.0,0.4210526315789473,0.631578947368421,0.0,0.1052631578947368,0.2105263157894736,0.0526315789473684,2.1052631578947367,0.0526315789473684,0.1052631578947368,0.0,0.2105263157894736,2000000.0
Koki Saito,JPN,QPR,23,Forward,1485.0,16.5,4.8121212121212125,0.0606060606060606,0.7272727272727273,0.0,1.2787878787878788,2.606060606060606,0.1212121212121212,10.666666666666666,12.12121212121212,1.1515151515151516,2.242424242424242,3.8181818181818175,0.4848484848484848,1.9151515151515155,0.9090909090909092,1.818181818181818,0.4848484848484848,4.121212121212121,4000000.0
Jeremy Sarmiento,ECU,Burnley,22,Forward,720.0,8.0,9.9625,0.0,0.5,0.25,3.9125,2.625,0.25,15.25,16.75,1.5,3.375,4.25,1.125,8.3375,1.625,2.25,0.5,2.5,7000000.0
Christian Saydee,LBR,Portsmouth,22,Forward,891.0,9.9,6.383838383838384,0.0,0.202020202020202,0.202020202020202,3.6060606060606064,1.3131313131313131,0.101010101010101,10.303030303030305,10.909090909090908,0.9090909090909092,0.8080808080808081,2.525252525252525,0.0,2.707070707070707,0.5050505050505051,0.7070707070707071,0.404040404040404,4.343434343434343,400000.0
Oscar Schwartau,DEN,Norwich City,18,Midfielder,1436.0,15.955555555555556,5.295961002785515,0.0,0.1880222841225626,0.0,1.7924791086350975,1.065459610027855,0.1253481894150417,11.030640668523676,6.580779944289693,0.7520891364902507,0.8147632311977716,1.8802228412256268,0.2506963788300835,3.7604456824512535,0.1253481894150417,0.5013927576601671,0.3760445682451253,1.8802228412256268,2200000.0
Tatsuki Seko,JPN,Stoke City,26,Midfielder,1710.0,19.0,4.478947368421053,0.0,0.1052631578947368,0.0,0.0,0.4210526315789473,0.0,13.789473684210526,2.736842105263158,0.1578947368421052,0.1578947368421052,0.1052631578947368,0.5263157894736842,5.2631578947368425,0.3157894736842105,0.7894736842105263,0.2631578947368421,0.8421052631578947,700000.0
Tyrell Sellars-Fleming,ENG,Hull City,19,Midfielder,480.0,5.333333333333333,18.75,0.0,0.1875,0.0,0.0,0.375,0.0,0.5625,1.125,0.0,0.1875,0.1875,0.0,0.0,0.1875,0.0,0.1875,0.1875,0.0
Sol Sidibé,FRA,Stoke City,17,Midfielder,1440.0,16.0,4.9875,0.0625,0.0625,0.0,0.0,0.4375,0.0625,5.25,0.9375,0.125,0.0,0.0625,0.125,3.125,0.0,0.125,0.125,0.75,0.0
Arnór Sigurðsson,ISL,Blackburn,25,Forward,1135.0,12.61111111111111,7.0176211453744495,0.0,0.079295154185022,0.079295154185022,3.9647577092511015,0.3171806167400881,0.079295154185022,0.9515418502202644,1.3480176211453745,0.158590308370044,0.079295154185022,0.4757709251101322,0.079295154185022,2.640528634361233,0.079295154185022,0.079295154185022,0.0,0.3964757709251101,0.0
Ellis Simms,ENG,Coventry City,23,Forward,982.0,10.911111111111111,6.177189409368636,0.0916496945010183,0.0916496945010183,0.1832993890020366,3.05193482688391,1.09979633401222,0.0,5.865580448065173,7.331975560081466,0.1832993890020366,1.09979633401222,2.74949083503055,0.0,4.582484725050916,0.3665987780040733,0.0,0.0,1.1914460285132382,7000000.0
Nathan Simpson,ENG,Middlesbrough,20,Forward,942.0,10.466666666666669,0.0,0.0,0.0,0.0,0.0,0.0,0.0,0.0,0.1910828025477706,0.0,0.0,0.0955414012738853,0.0,0.0,0.0,0.0,0.0,0.0,0.0
Michael Smith,ENG,Sheffield Weds,33,Forward,1037.0,11.522222222222222,5.311475409836066,0.1735776277724204,0.4339440694310511,0.4339440694310511,4.131147540983607,2.1697203471552555,0.3471552555448409,11.36933461909354,11.45612343297975,0.1735776277724204,0.2603664416586306,3.8187078109932497,0.1735776277724204,5.250723240115718,0.4339440694310511,0.6075216972034716,0.3471552555448409,1.3018322082931533,300000.0
Paul Smyth,NIR,QPR,27,Forward,1234.0,13.71111111111111,4.696920583468396,0.072933549432739,1.3857374392220425,0.0,2.304700162074554,3.354943273905997,0.2917341977309562,14.513776337115074,20.931928687196116,1.0210696920583469,4.084278768233387,7.293354943273906,0.7293354943273906,3.004862236628849,4.594813614262561,1.312803889789303,0.072933549432739,3.063209076175041,500000.0
Manor Solomon,ISR,Leeds United,25,Forward,1710.0,19.0,4.405263157894737,0.0526315789473684,0.8947368421052632,0.1052631578947368,1.8789473684210527,1.5789473684210529,0.1578947368421052,5.947368421052632,12.842105263157896,0.8421052631578947,1.894736842105263,4.684210526315789,0.1052631578947368,0.0,1.3157894736842106,0.6842105263157895,0.1578947368421052,1.736842105263158,11000000.0
John Swift,ENG,West Brom,29,Midfielder,821.0,9.122222222222222,9.26309378806334,0.0,1.0962241169305724,0.0,0.7783191230207065,4.823386114494519,0.1096224116930572,47.24725943970768,23.45919610231425,0.7673568818514007,1.8635809987819731,3.836784409257004,0.5481120584652862,5.799025578562729,4.275274056029233,1.6443361753958587,0.438489646772229,3.7271619975639463,3200000.0
Jakob Sørensen,DEN,Norwich City,26,Midfielder,756.0,8.4,10.416666666666666,0.0,0.0,0.0,0.0,0.3571428571428571,0.0,25.952380952380956,4.761904761904762,0.0,0.238095238095238,0.4761904761904761,0.0,8.928571428571429,0.119047619047619,1.1904761904761905,0.4761904761904761,1.6666666666666663,0.0
Ollie Tanner,ENG,Cardiff City,22,Forward,855.0,9.5,7.189473684210526,0.1052631578947368,1.5789473684210529,0.2105263157894736,2.831578947368421,3.0526315789473686,0.4210526315789473,20.31578947368421,26.526315789473685,1.6842105263157894,4.2105263157894735,8.631578947368421,1.7894736842105263,5.968421052631579,3.0526315789473686,3.263157894736842,0.8421052631578947,3.789473684210526,1500000.0
Fabio Tavares,ENG,Coventry City,23,Forward,978.0,10.866666666666667,0.0,0.0,0.0,0.0,0.0,0.0,0.0,0.0,0.0,0.0,0.0,0.0,0.0,0.0,0.0,0.0,0.0,0.0,0.0
Joseph Taylor,WAL,Luton Town,22,Forward,581.0,6.455555555555556,6.784853700516351,0.0,0.0,0.0,3.87263339070568,0.4647160068846815,0.0,1.549053356282272,3.562822719449225,0.3098106712564544,0.1549053356282272,1.549053356282272,0.0,7.74526678141136,0.0,0.0,0.0,0.774526678141136,0.0
Emre Tezgel,ENG,Stoke City,19,Forward,1030.0,11.444444444444445,6.736893203883494,0.0,0.3495145631067961,0.0,2.184466019417476,0.3495145631067961,0.0,3.495145631067961,2.3592233009708736,0.087378640776699,0.174757281553398,1.2233009708737863,0.0,2.499029126213592,0.2621359223300971,0.0,0.174757281553398,0.2621359223300971,500000.0
Joshua Thomas,WAL,Swansea City,22,Midfielder,1037.0,11.522222222222222,0.0,0.0,0.0,0.0,0.0,0.0,0.0,0.0,0.0,0.0,0.0,0.0,0.0,0.0,0.0,0.0,0.0,0.0,0.0
Liam Thompson,ENG,Derby County,22,Midfielder,1004.0,11.155555555555557,6.624501992031873,0.0,0.0,0.0,2.985059760956175,0.6274900398406374,0.0896414342629482,12.908366533864545,7.52988047808765,0.7171314741035857,1.0756972111553786,2.0617529880478087,0.3585657370517928,1.7928286852589643,1.1653386454183268,0.6274900398406374,0.2689243027888446,1.8824701195219125,325000.0
Muhamed Tijani,NGA,Plymouth Argyle,24,Forward,526.0,5.844444444444444,7.20342205323194,0.1711026615969582,0.0,0.0,8.55513307984791,0.0,0.0,3.250950570342205,2.0532319391634983,0.0,0.0,0.0,0.0,6.844106463878328,0.1711026615969582,0.1711026615969582,0.0,0.1711026615969582,800000.0
Lewis Travis,ENG,Blackburn,27,Midfielder,966.0,10.733333333333333,7.863354037267082,0.093167701863354,1.0248447204968945,0.1863354037267081,3.391304347826087,2.515527950310559,0.2795031055900621,50.12422360248448,14.72049689440994,0.9316770186335404,1.5838509316770188,1.3975155279503106,2.7950310559006213,4.416149068322982,0.4658385093167702,4.192546583850932,1.863354037267081,6.987577639751553,3500000.0
Nectarios Triantis,AUS,Sunderland,21,Forward,599.0,6.655555555555556,0.0,0.0,0.0,0.0,0.0,0.0,0.0,0.1502504173622704,0.0,0.0,0.0,0.0,0.0,0.0,0.0,0.0,0.0,0.0,0.0
Sondre Tronstad,NOR,Blackburn,29,Midfielder,467.0,5.188888888888889,17.036402569593147,0.0,1.5417558886509637,0.0,3.2184154175588864,6.745182012847965,0.7708779443254817,101.37044967880084,29.871520342612417,0.5781584582441113,1.734475374732334,2.312633832976445,3.468950749464668,10.464668094218414,1.5417558886509637,7.516059957173447,5.010706638115631,14.646680942184153,2000000.0
Scott Twine,ENG,Bristol City,25,Forward,1319.0,14.655555555555557,4.981046247156938,0.0682335102350265,0.9552691432903716,0.136467020470053,1.9514783927217592,2.797573919636088,0.136467020470053,9.757391963608796,13.16906747536012,0.2729340409401061,0.8188021228203185,2.183472327520849,0.3411675511751327,3.411675511751327,3.3434420015163004,0.6141015921152388,0.4094010614101592,2.0470053070507963,3500000.0
Igor Tyjon,ENG,Blackburn,16,Forward,547.0,6.0777777777777775,0.0,0.0,0.0,0.0,0.0,0.0,0.0,0.0,0.1645338208409506,0.0,0.0,0.0,0.0,5.478976234003656,0.0,0.0,0.0,0.0,0.0
Rocco Vata,IRL,Watford,19,Midfielder,496.0,5.511111111111111,11.25,0.0,0.1814516129032258,0.0,3.629032258064516,1.4516129032258065,0.1814516129032258,5.443548387096774,8.346774193548388,0.3629032258064516,1.6330645161290325,2.540322580645161,0.5443548387096774,0.0,0.907258064516129,0.7258064516129032,0.0,0.7258064516129032,350000.0
André Vidigal,POR,Stoke City,26,Midfielder,464.0,5.155555555555556,11.44396551724138,0.0,0.1939655172413793,0.0,2.773706896551724,0.3879310344827586,0.0,5.625,7.370689655172414,0.3879310344827586,1.1637931034482758,1.939655172413793,0.3879310344827586,6.45905172413793,1.5517241379310345,0.5818965517241379,0.3879310344827586,2.133620689655172,1500000.0
Žan Vipotnik,SVN,Swansea City,22,Forward,1370.0,15.22222222222222,4.966423357664233,0.0,0.0,0.1970802919708029,2.5029197080291974,0.7226277372262774,0.0656934306569343,5.124087591240876,3.81021897810219,0.1970802919708029,0.2627737226277372,1.905109489051095,0.0656934306569343,2.5817518248175184,0.0,0.0656934306569343,0.1313868613138686,0.7883211678832117,0.0
Vitinho,BRA,Burnley,25,Midfielder,1010.0,11.22222222222222,6.344554455445545,0.0891089108910891,0.2673267326732673,0.0891089108910891,2.227722772277228,0.5346534653465347,0.0891089108910891,4.366336633663367,2.7623762376237626,0.3564356435643565,0.4455445544554455,0.801980198019802,0.0891089108910891,2.227722772277228,0.4455445544554455,0.712871287128713,0.0891089108910891,0.801980198019802,0.0
Ben Waine,NZL,Plymouth Argyle,23,Forward,592.0,6.5777777777777775,0.0,0.0,0.0,0.0,0.0,0.0,0.0,0.4560810810810811,0.304054054054054,0.0,0.0,0.0,0.0,10.140202702702704,0.0,0.0,0.0,0.152027027027027,0.0
Jed Wallace,ENG,West Brom,30,Forward,1705.0,18.944444444444443,3.7689149560117303,0.0,0.1055718475073313,0.0,1.7577712609970677,0.2111436950146627,0.0,3.0615835777126104,3.272727272727273,0.0527859237536656,0.4222873900293255,0.9501466275659824,0.2111436950146627,2.111436950146628,0.4750733137829912,0.2639296187683285,0.0,0.7917888563049854,3000000.0
Liam Walsh,ENG,Luton Town,27,Midfielder,568.0,6.311111111111111,12.485915492957746,0.1584507042253521,0.4753521126760563,0.0,3.961267605633803,0.4753521126760563,0.1584507042253521,21.232394366197184,7.764084507042254,0.3169014084507042,0.7922535211267606,1.1091549295774648,0.6338028169014085,7.035211267605634,1.7429577464788732,1.267605633802817,0.3169014084507042,2.535211267605634,500000.0
Duncan Watmore,ENG,Millwall,30,Forward,1077.0,11.966666666666669,5.52367688022284,0.0835654596100278,1.16991643454039,0.4178272980501393,4.395543175487465,2.6740947075208914,0.2506963788300835,10.445682451253482,14.79108635097493,1.2534818941504178,1.9220055710306407,4.67966573816156,0.8356545961002786,2.949860724233983,0.584958217270195,1.3370473537604457,0.1671309192200557,4.178272980501393,900000.0
Wout Weghorst,NED,Burnley,32,Forward,1525.0,16.944444444444443,4.721311475409837,0.0,0.0,0.0,0.0,0.0,0.0,0.1770491803278688,0.1770491803278688,0.0,0.0,0.0590163934426229,0.0,0.0,0.0,0.0,0.0,0.0590163934426229,0.0
Morgan Whittaker,ENG,Plymouth Argyle,23,Forward,1674.0,18.6,3.741935483870967,0.0,0.7526881720430108,0.1612903225806451,1.6021505376344083,1.827956989247312,0.1075268817204301,16.72043010752688,12.043010752688172,0.7526881720430108,1.3440860215053765,5.21505376344086,0.4838709677419354,1.010752688172043,1.827956989247312,1.4516129032258065,0.1075268817204301,2.5806451612903225,12000000.0
Joe Williams,ENG,Bristol City,28,Midfielder,819.0,9.1,8.956043956043956,0.2197802197802197,2.197802197802198,0.0,0.0,4.615384615384616,0.4395604395604395,42.85714285714286,20.54945054945055,0.5494505494505495,1.098901098901099,1.7582417582417582,1.5384615384615383,7.32967032967033,5.054945054945055,2.527472527472528,0.989010989010989,6.263736263736264,1200000.0
Josh Windass,ENG,Sheffield Weds,30,Midfielder,742.0,8.244444444444444,8.636118598382751,0.1212938005390835,1.8194070080862537,0.6064690026954178,3.929919137466308,5.336927223719677,0.4851752021563343,27.16981132075472,33.47708894878706,0.4851752021563343,3.1536388140161726,8.247978436657682,0.849056603773585,4.415094339622642,8.369272237196766,2.304582210242588,0.6064690026954178,4.730458221024259,500000.0
Callum Wright,ENG,Plymouth Argyle,24,Midfielder,566.0,6.288888888888889,11.782685512367491,0.0,0.6360424028268551,0.0,2.2738515901060072,2.067137809187279,0.0,13.197879858657243,12.084805653710248,0.6360424028268551,2.385159010600707,4.293286219081272,0.3180212014134275,5.676678445229682,1.7491166077738516,0.6360424028268551,0.1590106007067137,1.431095406360424,700000.0
Jerry Yates,ENG,Derby County,28,Forward,521.0,5.788888888888889,12.36852207293666,0.345489443378119,0.8637236084452975,0.690978886756238,7.669865642994242,4.318618042226488,0.690978886756238,24.70249520153551,21.24760076775432,0.690978886756238,1.381957773512476,8.982725527831095,0.5182341650671786,5.337811900191938,0.690978886756238,0.690978886756238,0.5182341650671786,5.182341650671785,3500000.0
