age_stats_standard,playing_time_min_stats_playing_time,value,total_cmp%_stats_passing_per_90,ast_stats_passing_per_90,ppa_stats_passing_per_90,standard_gls_stats_shooting_per_90,standard_sot%_stats_shooting_per_90,sca_sca_stats_gca_per_90,gca_gca_stats_gca_per_90,touches_mid_3rd_stats_possession_per_90,touches_att_3rd_stats_possession_per_90,take_ons_succ_stats_possession_per_90,carries_prgc_stats_possession_per_90,receiving_prgr_stats_possession_per_90,tackles_mid_3rd_stats_defense_per_90,aerial_duels_won%_stats_misc_per_90,performance_crs_stats_misc_per_90,tackles_tkl_stats_defense_per_90,int_stats_defense_per_90,performance_recov_stats_misc_per_90,cluster
-0.16132599205404005,1.1212813242638675,2.9566103055009965,-0.6012063212588519,-0.05828522673214671,0.7765617282544004,0.8120431253435528,-0.43966792902457347,1.0139266091960335,0.6565833578119348,0.3644470991976355,1.1347014128834143,1.2243676461520137,0.33011983089924657,0.9570572848030842,0.7651989680772981,-0.6233728044976847,0.226469508691736,0.46457987673028495,-0.43479530160779006,0.3462266160205,0
0.27414137111280984,1.1859569693795644,2.9566103055009965,-0.747760580714217,-0.5512698422470566,-0.27237209355594066,0.7868735755247948,0.06075995609707105,-0.01605214516580239,0.09808725273258365,-0.4561048676265487,0.24681565777074888,0.22128624955275328,-0.21297082481846663,0.22833901343831473,-0.7299315693529576,-0.3673683704542076,-0.4514380687026018,-0.42753227644432185,-0.2719315771812804,-0.16896296493851642,1
-1.249994399971165,0.8677527954103358,-0.44766994273147465,-0.5778053853859709,-0.5512698422470566,-0.5515872667348827,-0.6749738779486766,-1.082907035438395,-0.8122932640760883,-0.7050850925053344,-0.7050756707441976,-0.7860065084819612,-0.5289207759402081,-0.4516301493423681,-0.5935637243261885,-0.6297224879114542,-0.6672678095931162,-0.48731961230008697,-0.5784340303915099,-0.603365533547492,-0.844840903501204,1
-1.249994399971165,0.10716720884974036,-0.7146723151418646,-0.41033110794286,-0.5512698422470566,-0.7111233637504715,-0.6749738779486766,2.358953159553013,-0.843414705041197,-0.7050850925053344,-0.7322780697293573,-0.8888599989044401,-0.6802118432057876,-0.6465388918934315,-0.7752604628174669,-0.7299315693529576,-1.2301833345574917,-0.5552935839462848,-0.7594916181900447,-0.48791082752086606,-0.8036826281476053,1
0.9273424158630847,-1.4062428868575667,-0.38091934962887714,2.444356276945689,-0.5512698422470566,-0.4837424423198322,-0.6749738779486766,-1.082907035438395,-0.6659897321285353,-0.7050850925053344,-0.3679472078464636,-0.7063651495074585,-0.6802118432057876,-0.737982563901103,-0.7003003145370407,-0.4442829456228614,1.979027700397307,-0.5552935839462848,-0.3724095541702295,-0.603365533547492,-0.5695808543804692,1
0.27414137111280984,0.6245723697753155,0.620339546910085,-0.12943743474091574,-0.5512698422470566,-0.7111233637504715,-0.6749738779486766,-1.082907035438395,-0.8099715057818659,-0.7050850925053344,-0.6899121730176174,-0.845533022696296,-0.5989229126194406,-0.6995181621835904,-0.7969054904364349,-0.7299315693529576,-1.2301833345574917,-0.5552935839462848,-0.7594916181900447,-0.5062369713346162,-0.7932061842012419,1
1.1450760974465097,-1.194106770878081,-0.5477958323853709,1.1284455696609978,-0.5512698422470566,1.0340354138365717,0.2941233791340512,0.7904041615339488,1.2748547202176914,0.00484043347695466,0.2550487313259642,1.7592013476390609,0.23921412213350596,0.39316088337512023,1.3450584635267955,1.2188382155202298,2.874956454320953,2.363885442549495,1.001025249883322,0.7149323665051864,0.47549436700407327,0
-0.8145270368043149,0.7875549954668716,0.019584208986707704,-0.5863249829880401,-0.5512698422470566,-0.5478490815440411,0.5490333152374444,0.5468644972557231,-0.52490804542852,-0.4061973238189135,-0.575906552048569,-0.2636012760062895,-0.6027938140759334,-0.07859282017231561,0.29565304652100033,-0.6273744293138075,-1.0711782073154004,-0.5089157771390528,-0.6668415902689501,-0.41835874838010934,-0.6138702865852327,1
-0.379059673637465,-0.7413772550682028,-0.4142946461801759,-0.23247801129161347,1.4045051897957024,1.0594657785372943,0.062440291716732196,1.264610889358614,0.13521006017037682,0.3753206943037777,-0.10059995791904128,0.5749972025730304,-0.12051756703749636,1.3145031343038724,0.8329769171558047,0.19686553632870696,0.45246037475350775,0.8696835375037896,0.6638634214092307,-0.10180000736624759,0.5230921664595167,0
0.9273424158630847,1.0022781372509852,-0.11391697721848724,-0.5243029040819497,-0.5512698422470566,-0.7111233637504715,-0.2910569702708112,-0.04496342044809822,-0.7535034012003211,-0.7050850925053344,-0.5381577621234107,-0.7597477089379842,-0.6073640106746375,-0.5311611720203098,-0.6989948391870489,-0.5369257425082982,0.2161300170065965,-0.48983358564688806,-0.5851303280910289,-0.2551948695696154,-0.5652539515000304,1
1.3628097790299347,-0.9949057839217346,0.620339546910085,0.28216444191466106,-0.5512698422470566,-0.7111233637504715,-0.6749738779486766,-1.082907035438395,-0.7769503027276998,-0.7050850925053344,-0.6326968484704896,-0.6764479316581888,-0.518659709863836,-0.6615391156927972,-0.471205863488556,-0.7299315693529576,1.6550694886668538,-0.41012519655046165,-0.7594916181900447,-0.21730247869505154,-0.7938154301528614,1
0.27414137111280984,-0.6430702744923436,0.11971009864060392,0.5316915309814534,-0.5512698422470566,0.8318186031002957,-0.6749738779486766,0.10162926543527168,0.3605404682947225,-0.19154156267139316,0.31785982854018635,0.17655073603560612,-0.2811570930546294,-0.3603320743109793,-0.37974677632541415,-0.025084315992980014,0.7495247714211176,0.5603034779804044,0.03645634895026806,1.3038862335417079,0.49287048017090795,0
1.3628097790299347,0.65561667943085,-0.5644834806610202,-0.5721197295414323,-0.5512698422470566,-0.5413027070216135,-0.6749738779486766,0.35120137914135874,-0.6446485207640404,-0.3942136161121468,-0.6474778338233061,-0.5870725953160308,-0.5191677354403831,-0.5474749138851207,-0.5263426451993342,-0.7299315693529576,0.4811435876200554,-0.458818995257656,-0.6149444637801295,-0.41094102350311534,-0.5788945808636778,1
0.4918750526962348,-1.4295261190992177,-0.7146723151418646,2.529122286244064,0.9848109769109901,1.8383730192432852,0.4833676932853992,0.8743739767348309,1.8693598271534706,0.9920330103793649,1.9838154394788836,1.3568280111686588,-0.46041773904527844,-0.21797026600340058,-0.40302172603976305,0.14356475857705747,0.40541241823599444,1.551413314112699,0.16114347684993086,0.44712363716687403,0.7421021119458504,0
0.7096087342796598,1.403267136968306,0.11971009864060392,-0.605978477539251,-0.5512698422470566,-0.5035526955642697,0.016617630308952268,-0.304618879366603,-0.43849704584750215,-0.7050850925053344,-0.5575020571836106,-0.5261593643241167,-0.22091115917530652,-0.5516975690360196,-0.37066068005393776,-0.2953284422812225,-0.5368416167237278,-0.5552935839462848,-0.4453955594082173,-0.603365533547492,-0.6559359679853314,1
-0.5967933552208899,-1.0000798355309903,-0.3141687565262797,0.3702317775079026,-0.5512698422470566,-0.7111233637504715,-0.6749738779486766,-1.082907035438395,-0.7767399723406319,-0.7050850925053344,-0.711837592355307,-0.7663889346860566,-0.6802118432057876,-0.737982563901103,-0.5064785375743318,-0.5152431258849266,3.5937889489979797,-0.5067509902706773,-0.6625169449783295,-0.603365533547492,-0.7935117711738104,1
-0.5967933552208899,-1.2820656482354287,-0.7146723151418646,1.0018714284879013,2.186067296290801,4.658196673856405,1.389221809221799,1.986468863116085,2.2988392368393566,3.075302268604943,0.557154353591494,3.0003400096528914,2.257380485822816,2.598050441656012,3.5461713706238105,1.0860945757762388,1.2706081707882597,2.846957494013695,0.7639193093576669,1.5026342666322645,0.855053987313216,2
-1.46772808155459,0.2546276797135293,-0.6312340737636177,-0.4515163745466587,-0.5512698422470566,-0.6144304920588389,-0.6749738779486766,-1.082907035438395,-0.7302407630534874,-0.7050850925053344,-0.6806243381848659,-0.8061980180367266,-0.6802118432057876,-0.737982563901103,-0.7147435234673888,-0.7299315693529576,-0.32128994968018615,-0.500362663260548,-0.7594916181900447,-0.4938024284550806,-0.8080757125208945,1
-0.379059673637465,-0.43869523592674137,-0.047166384115889776,-0.04050106285485103,-0.5512698422470566,-0.32947694085452217,0.5966095665626997,1.0657218259814474,-0.5456166056294854,-0.7050850925053344,-0.47175236443662755,-0.3793659544833352,-0.6802118432057876,-0.4525576748312215,-0.01319742329028876,0.2289595703770472,0.03743612430245102,-0.12166928425746573,0.03458132429269379,-0.4592171373305031,-0.4956616560555174,1
0.7096087342796598,1.0048651630556131,-0.4810452392827734,-1.1439933534560285,-0.04251812815491065,-0.5575967998847235,0.09231421330232475,0.21360035855268295,-0.6936690367158339,0.1380460758787486,-0.671504209794664,-0.7038575880804089,-0.6802118432057876,-0.737982563901103,-0.6664507397549502,-0.5370629179360483,-0.2681042908162452,-0.5116846014260518,-0.6723729352194633,-0.5163847315658122,-0.8249142533549335,1
0.4918750526962348,-0.5266541132840892,-0.5477958323853709,0.08979626921224099,-0.5512698422470566,-0.446078117911076,-0.012658329243057903,1.1553578766419075,-0.3780823374328355,-0.21989672689535292,-0.5325297340758502,-0.47178488835047416,0.4508513136643668,-0.0243853197676177,-0.2338691891822965,-0.7299315693529576,-1.2301833345574917,-0.2541508187636202,-0.684291626202555,-0.002717737777069249,-0.40457454576201857,1
-0.8145270368043149,-0.7103329454126683,-0.6145464254879683,0.02175655918838193,-0.5512698422470566,-0.5659540926758027,-0.6749738779486766,0.5500335715885769,-0.6735016765462084,-0.7050850925053344,-0.6334526444512009,-0.5462070646182744,-0.2672116313557986,-0.4122759364544238,-0.5501987240266915,-0.7299315693529576,0.13437837365211872,-0.3903531581237905,-0.5123626122634154,-0.10988977391755807,-0.7671179286237269,1
0.7096087342796598,-0.9561003968523165,-0.5477958323853709,1.2638885358204952,1.654627420395932,-0.21186633287426035,0.15674749677409594,1.4130514887076084,0.0006524811958496436,0.5134927748972388,0.33617035452465316,-0.29543892931357096,-0.5223935804341431,-0.5139526124493347,-0.6554957568394788,0.524457610355477,-1.2301833345574917,-0.31893827421605403,0.9403294641774032,0.716625096217632,0.28195896611438886,0
0.9273424158630847,0.4978081053485496,0.2865865813970976,-0.34593186516371777,-0.5512698422470566,-0.3543737760393115,-0.2292371544184709,0.724709053756102,-0.3562652129399579,-0.37855452440282833,-0.16990755398906238,-0.4233411102233878,-0.5110556870723487,-0.37779568076601394,-0.38009125090354057,-0.6178893758997821,-0.46484877890518317,-0.22595753965331086,-0.2533975350372447,-0.09807243533021859,-0.23669874557868617,1
0.7096087342796598,1.4912260143256537,3.6241162365269712,-0.7308244425763504,0.3463021473800906,0.30460645768733763,1.3555734782710578,-0.39669290251847766,0.398282009778607,0.782420304255048,0.5098532216876626,0.489579700740499,-0.35913330860140735,-0.3125831618340671,-0.10643589466646959,0.03567837826219046,-0.4464919877769938,0.040973811221428354,0.162710164427697,0.6242907763030273,0.29262575533104046,0
0.0564076895293849,0.7513366342020814,0.019584208986707704,-0.31660173480751513,-0.5512698422470566,-0.6286130981434787,-0.6749738779486766,-1.082907035438395,-0.6502668162707287,-0.7050850925053344,-0.44471972422468103,-0.782006137079521,-0.6019658137643841,-0.7009580060981497,-0.7618501363094584,-0.6262775615059022,-0.06564915457007452,-0.4849828447492246,-0.6658506808794198,-0.4163800661858058,-0.5876817865220145,1
-0.8145270368043149,-1.0595814290374315,-0.38091934962887714,1.2584226019626883,-0.5512698422470566,-0.7111233637504715,-0.6749738779486766,-1.082907035438395,-0.7742218789874085,-0.7050850925053344,-0.6573901933681398,-0.7730132204223369,-0.6802118432057876,-0.737982563901103,-0.7592310581275579,-0.7299315693529576,1.2728958798982213,-0.5552935839462848,-0.7594916181900447,0.2004570502832053,-0.6400333485716531,1
0.27414137111280984,1.5559016594413506,0.7872160296665787,-0.7841744315734732,0.7743110128041464,0.35560194666487355,-0.34177191980356614,-0.45682841675934044,0.32709726903539116,0.5153732962975516,0.08958686570913904,0.13211231174291474,0.20493428984554712,0.15952014284085764,-0.06044010626512672,-0.14364658546248238,-0.7596971488773903,0.3347738250291755,-0.04068181823555233,-0.15009890988740443,0.18049577272670544,1
0.0564076895293849,-1.0259500935772692,-0.7146723151418646,0.8386644274345194,-0.5512698422470566,-0.36383739050431824,1.0606761934181377,0.7236822193217257,0.37602542229261154,-0.7050850925053344,-0.042336251745898876,0.1799601298383655,-0.35087405369197,-0.34839135679446415,0.5310273937111872,-0.2936515170320712,0.6323973465014826,-0.40732452026629784,-0.3653566119533625,-0.603365533547492,0.08830316364020015,1
0.4918750526962348,1.3541136466803763,1.621598443449047,-0.867788905420948,-0.5512698422470566,-0.2208240357628737,-0.6749738779486766,-0.006377092478371451,-0.21489076565376827,-0.7050850925053344,-0.4749468519792331,-0.2985877435206177,-0.14882895065690407,-0.17224155809488645,-0.46956304940249516,-0.7299315693529576,-0.8347552563205192,0.35990115232950126,-0.6800000572694169,-0.44463403109843413,-0.5149698402046589,1
0.0564076895293849,0.5676578020735022,0.11971009864060392,-0.45958157158730734,1.7615368192316176,1.0337221561130776,-0.23895839152292592,-0.18112854363919198,2.1859232310988577,2.16959718677513,0.6515416885786092,1.706658661697458,2.0499931113825087,3.0593673374837027,0.963719938667025,0.3660546687067814,-0.27221569484218844,1.650218378142222,0.03259876591081586,-0.10909255944319625,0.7318732423749654,0
-1.6854617631380147,-1.4165909900760782,-0.7146723151418646,3.2322840065843783,-0.5512698422470566,-0.7111233637504715,-0.6749738779486766,-1.082907035438395,-0.843414705041197,-0.7050850925053344,-0.7624612045433755,-0.8263450495348096,-0.6802118432057876,-0.737982563901103,-0.6994798884147528,-0.7299315693529576,-1.2301833345574917,-0.5552935839462848,-0.7594916181900447,-0.603365533547492,-0.8897716675329391,1
-0.8145270368043149,0.177016905574693,2.622857339988009,-0.17701766226824583,0.10725238565326535,0.5805759829231237,-0.17838954290260534,-0.4116334739497301,0.3195594734341621,0.38625396353551655,1.1212774024327017,0.23086827431442014,0.4505044681700795,0.19832660762178875,-0.41697253094249703,2.515478277074538,0.37132220905909563,0.3196341946116752,2.116026014707847,1.7609599090952832,1.9645512206431721,0
-0.8145270368043149,-0.8862507001273638,-0.5477958323853709,0.7966794305604554,-0.5512698422470566,-0.7111233637504715,-0.6749738779486766,4.314092678601388,-0.6564098334431622,-0.7050850925053344,-0.5934305467725635,-0.8070231868653859,-0.3771821019667424,-0.737982563901103,-0.6272033508202652,-0.3285022904423195,-1.2301833345574917,-0.5552935839462848,-0.4875034814897308,-0.4223270891862145,-0.6647855192379344,1
0.0564076895293849,-0.9354041904152934,1.2878454779360597,0.8648226018284303,-0.5512698422470566,0.43962483070443853,0.9682138608491296,0.505273081325068,0.5676134280922244,0.49865468823175846,0.7123711623638166,1.223281610630387,2.1259265825146865,1.8438745376853591,1.36825617641072,-0.11037405213014619,0.6259813431941418,0.9389612326374084,0.17335455334426403,0.14173028616772046,1.3325572639362582,0
-0.8145270368043149,-1.4476352997316129,-0.21404286687238347,1.8536321061726235,1.0082370460484766,0.7007189588580736,2.853046855352496,2.2634209179752567,1.9107311163154814,1.0179149858046224,0.47229486142442906,1.1572356343799257,4.229002003969684,3.1687939242697842,2.8021108665998224,-0.13871982089197413,-0.6257469642484671,0.7814784946151075,1.2433839853983244,0.46314416918212603,1.363422943539997,0
1.3628097790299347,1.7887339818578594,-0.38091934962887714,-0.8723440961197086,-0.13266536170457144,-0.07950969310980668,0.27202116099005885,0.045741318795220295,-0.00557455517584967,-0.4738403451532087,0.09285369344450935,-0.0772976436143212,0.338038971507402,-0.05776998615982764,-0.11261882781572549,0.14288366982233633,-0.6364792930908542,0.01881484558323939,0.27989540556686676,0.3270238518600563,0.3020496925345875,1
-0.5967933552208899,0.5702448278781301,-0.21404286687238347,0.023343642218892978,-0.5512698422470566,-0.7111233637504715,-0.6749738779486766,-1.082907035438395,-0.843414705041197,-0.7050850925053344,-0.7624612045433755,-0.8908122212759598,-0.6802118432057876,-0.737982563901103,-0.7783875491320716,-0.7299315693529576,-1.2301833345574917,-0.5552935839462848,-0.7594916181900447,-0.603365533547492,-0.8897716675329391,1
-0.5967933552208899,-0.17481860385469808,-0.21404286687238347,-0.6088134576149042,-0.5512698422470566,-0.7111233637504715,0.46022522235643254,1.0501052931842512,-0.7104859004142028,0.12652062352439222,-0.5846359758509022,-0.5032388140093961,-0.3571075765218845,-0.6360579662900286,-0.48326881263477367,-0.1592350550656992,-0.08569971467850133,-0.4907743006592523,-0.43726242013639555,-0.4746778485966785,-0.6338883678527318,1
2.2337445053636347,-0.2239720941426277,-0.6145464254879683,0.3707285309613623,-0.5512698422470566,-0.7111233637504715,-0.6749738779486766,-1.082907035438395,-0.7982017961712858,-0.7050850925053344,-0.41427255860483914,-0.7563700898343508,-0.46041773904527844,-0.737982563901103,-0.7722877551616429,-0.5843488480312884,-0.4123854581607487,-0.5552935839462848,-0.6279723188986197,-0.34074324086890057,-0.6939468139954844,1
2.0160108237802095,-0.1929277844870932,-0.6562655461770918,-0.2708698099772181,-0.5512698422470566,-0.5967102941746731,-0.6749738779486766,-1.082907035438395,-0.7541383680353555,-0.7050850925053344,-0.5639504540867726,-0.6671859665886305,-0.6802118432057876,-0.6866423666934062,-0.5295527128546897,-0.7299315693529576,-0.24838233149081204,-0.5227947288583781,-0.6945678962940659,-0.3440816598436284,-0.6319909281305269,1
-0.5967933552208899,1.382570930531283,-0.3141687565262797,-0.690147121847834,1.2924227829368453,0.401622935588137,-0.32739681922679703,0.030633361452450346,0.9745343493520615,0.568026684610361,0.24406901648301466,0.5595054903013102,1.3643120645229414,0.7911817387642077,0.3997732419296934,0.31848900711938505,-0.29965678655997396,0.13611798856140245,0.22711484462071008,-0.2881511397594079,0.5204699048836053,0
-0.5967933552208899,1.028148395297264,0.8873419193204749,-0.48439596090215503,-0.5512698422470566,-0.177195705730079,2.3746711627014894,0.3213038647357128,-0.12920400899446505,-0.7050850925053344,-0.48809675269278613,0.08389478219159184,-0.17387825014676142,0.08346059142204758,0.5965695927169041,-0.5382887780086134,-0.7995688595282462,-0.3603004534188444,-0.49979673060612917,-0.5169375756462041,-0.6319909281305268,1
-1.46772808155459,0.27014983454129654,-0.7146723151418646,-0.1359753556845074,-0.5512698422470566,-0.7111233637504715,-0.6749738779486766,2.165865722077984,-0.843414705041197,-0.7050850925053344,-0.7461812793924486,-0.883240666991954,-0.6802118432057876,-0.737982563901103,-0.7969054904364349,-0.7299315693529576,-1.2301833345574917,-0.5552935839462848,-0.7594916181900447,-0.603365533547492,-0.8626851784416795,1
-1.03226071838774,-1.2225640547289875,1.9553514089620343,1.3154001456888231,0.7597441902211663,0.2779419996154049,3.2795109000372533,2.4318247783334184,1.3947070915448068,2.191827127070746,0.6773580365062857,1.2487966517061284,1.7584560743846243,1.21482552329569,1.3041686190970947,0.2640837879495749,1.4667882467410598,-0.2181626036937139,1.0364935384342508,-0.3792226976716246,1.0601082843571017,0
0.0564076895293849,0.8884490018473588,-0.3141687565262797,-0.5858337785150672,-0.025709150817064205,-0.23532628146168877,0.910304160803392,-0.217691107713609,-0.1627645703358682,-0.12442647580616424,-0.16848598387984504,-0.10836780791578254,-0.5298094165702557,-0.38214448633821113,-0.15677207450983188,-0.03258819644358175,-0.37510059991351496,-0.4201441601445934,-0.17451077009352994,-0.5135109165223646,-0.24210229144259074,1
0.7096087342796598,-1.4709185319732636,0.019584208986707704,2.0975714400026515,-0.5512698422470566,-0.47111016890701884,-0.6749738779486766,-1.082907035438395,0.37391774799845473,0.1736449474327435,0.11102913502675191,0.4504154438859136,0.23022417936129957,1.4160239322796024,0.6816903962459607,0.17462240579234695,0.1248168802012008,-0.07806595189986781,0.8748548743380643,0.48447436323671833,0.5973367757751987,0
-0.16132599205404005,0.7565106858113371,-0.4810452392827734,-0.40092105905684106,-0.5512698422470566,-0.7111233637504715,-0.6749738779486766,-1.082907035438395,-0.8112724998033959,-0.7050850925053344,-0.62300768856709,-0.8313555785137254,-0.6802118432057876,-0.6640464141466165,-0.7444026774476337,-0.00546042221140929,0.09768586903612413,-0.5552935839462848,-0.3387502442554629,-0.5100154279882063,-0.7041538048358551,1
-1.6854617631380147,1.3230693370248419,-0.6145464254879683,-0.35095899878081543,-0.5512698422470566,-0.7111233637504715,-0.6749738779486766,-1.082907035438395,-0.843414705041197,-0.7050850925053344,-0.7534992653548996,-0.9023728677218316,-0.6802118432057876,-0.737982563901103,-0.7969054904364349,-0.7299315693529576,-1.2301833345574917,-0.5552935839462848,-0.7594916181900447,-0.603365533547492,-0.8897716675329391,1
-1.249994399971165,-0.7258551002404355,2.622857339988009,0.62585042468342,4.2984162128183225,2.8012648534707885,0.05644505456498107,1.0378944619469617,2.6395721446501144,4.653024907117092,0.011690046493677421,2.775581006735381,3.483367528290038,5.238072044405122,4.332790079424696,0.9247403364006483,0.14547237127983928,0.858098357654602,0.48619930599296524,-0.10587777587178604,0.6764733669933702,2
-0.8145270368043149,-0.37919364242030024,0.11971009864060392,0.17771520448812556,-0.5512698422470566,-0.46340332320103644,-0.6749738779486766,-1.082907035438395,-0.6017952608510756,-0.7050850925053344,-0.4741786423452657,-0.3438822803608358,0.25945836357216934,-0.18218960330401723,-0.24436155144764019,-0.4187318072616832,-1.2301833345574917,-0.41456459677663365,-0.33778524110423674,-0.3226728996295479,-0.43629041266676905,1
-1.46772808155459,1.7887339818578594,-0.6312340737636177,-1.3742695180109468,-0.5512698422470566,-0.7111233637504715,-0.6749738779486766,-1.082907035438395,-0.8187723476922162,-0.7050850925053344,-0.7330597549250419,-0.8772436730789632,-0.6802118432057876,-0.737982563901103,-0.7432359482701049,-0.7299315693529576,-0.5615977022752421,-0.5552935839462848,-0.7236506863363582,-0.603365533547492,-0.8897716675329391,1
-1.249994399971165,0.09423207982660099,-0.7146723151418646,-0.04019888998550576,-0.5512698422470566,-0.6087480673717477,-0.6749738779486766,0.6461791288700851,-0.6037648601117723,-0.7050850925053344,-0.6498210968285019,-0.698719204976311,-0.19478979325888096,-0.3245358193735268,-0.6011769942421645,-0.7299315693529576,-1.2301833345574917,-0.43897540687335984,-0.6433058485790417,-0.603365533547492,-0.5437834902876162,1
-1.03226071838774,1.7085361819143954,0.11971009864060392,-0.7712198070484381,-0.5512698422470566,-0.6467958249300108,-0.6749738779486766,-1.082907035438395,-0.7430253516957362,-0.7050850925053344,-0.6263507523062476,-0.8639831212900523,-0.6192088339509948,-0.7091170807777761,-0.7832403747270209,-0.5683078692078763,-0.42396224191667353,-0.5552935839462848,-0.6864862656351859,0.12553255095652027,-0.7086035481196894,1
-1.03226071838774,-0.5861557067905303,-0.38091934962887714,0.6445478991323044,-0.5512698422470566,-0.7111233637504715,-0.6749738779486766,0.4510674741930027,-0.6305943461181809,0.29347177106066286,-0.1853666355884816,-0.30555449495370873,-0.5508885445456901,-0.18724226658217263,-0.15957967721126434,-0.2159804471113073,-1.2301833345574917,-0.3616135384729013,-0.2951886373581956,0.014725316898081894,-0.04482368838058811,1
0.27414137111280984,-0.5654595003535072,-0.647921722039267,0.30776883917848,0.34349723491250506,-0.5761159416510295,-0.6749738779486766,-1.082907035438395,-0.5800495108739646,-0.210799445040166,-0.6367700074249997,-0.5890432220185671,-0.5521817775322911,-0.011005371440114872,-0.4814292128899755,-0.7299315693529576,0.29419190704603737,-0.3635503389276351,-0.6062716345155347,-0.29741056257693305,-0.5095450769143811,1
-0.8145270368043149,-1.1397792289808957,-0.4142946461801759,0.16464345666541744,0.6871620984582197,-0.33740039600115085,-0.6749738779486766,-1.082907035438395,-0.5517992651328428,-0.020952708470498828,-0.6438473035194284,-0.5182613890544584,-0.5030076000590795,-0.15103442696604905,-0.6381253570377766,-0.495185728052273,-1.2301833345574917,-0.23682729464195312,-0.22931866429900596,-0.39163198962322965,-0.6266390788695773,1
-1.249994399971165,-1.2691305192122895,0.2865865813970976,1.0062952210499803,0.8044378504189464,3.380010639262926,2.391998691341547,2.371990508776466,3.146967024765354,1.5416678505181598,1.531489707052328,2.773485746372743,6.497231232429632,1.6485587244809294,2.5925090617156092,3.6386529697010705,0.7965428389381096,1.8850749890183478,3.883538190128447,0.7873388799550494,3.8342556704552058,2
0.4918750526962348,1.090237014608333,-0.7146723151418646,-0.9286681136330721,-0.5512698422470566,-0.7111233637504715,-0.30012167503542697,-0.23922105514112602,-0.843414705041197,-0.7050850925053344,-0.705328842216841,-0.8426910304450193,-0.6802118432057876,-0.737982563901103,-0.7491060544445471,-0.7299315693529576,-0.26686286937748377,-0.5552935839462848,-0.7594916181900447,-0.603365533547492,-0.805276869617704,1
1.3628097790299347,-0.01701002977239766,0.11971009864060392,-0.2243149562118676,-0.5512698422470566,-0.6043981288892525,-0.6749738779486766,0.11759475470791661,-0.843414705041197,-0.7050850925053344,-0.6811661435253819,-0.789142504508907,-0.6802118432057876,-0.737982563901103,-0.6155321364751216,-0.7299315693529576,0.27611631129579806,-0.5249784463939291,-0.6383691014513015,-0.603365533547492,-0.7695419155586914,1
-5.386934350056239,0.3684568151171558,-0.7146723151418646,-0.5438066712286898,-0.5512698422470566,-0.7111233637504715,-0.6749738779486766,-1.082907035438395,-0.843414705041197,-0.7050850925053344,-0.750650897085694,-0.9023728677218316,-0.5919912983833956,-0.737982563901103,-0.7969054904364349,-0.7299315693529576,-1.2301833345574917,-0.5552935839462848,-0.7594916181900447,-0.3925438481241956,-0.8635717301948816,1
0.27414137111280984,1.7706248012254644,0.6870901400126824,-1.0368872422528337,-0.13094473260075673,-0.4574394232230407,-0.3580113575757591,-0.1017242477317425,-0.5217472923178598,-0.47288983826450387,-0.5719081698899897,-0.5322964134393079,-0.6802118432057876,-0.5956891224329119,-0.3792568659154188,-0.25189364942883885,-0.19722442157424283,-0.447205788750804,-0.4715856007159211,-0.531502944946069,-0.6754337186228888,1
0.0564076895293849,-0.4154120036850905,-0.7146723151418646,-0.04910703107841147,-0.5512698422470566,-0.7111233637504715,-0.6749738779486766,-1.082907035438395,-0.843414705041197,-0.7050850925053344,-0.7518071509626698,-0.9023728677218316,-0.6802118432057876,-0.737982563901103,-0.7969054904364349,-0.7299315693529576,-1.2301833345574917,-0.5552935839462848,-0.7594916181900447,-0.603365533547492,-0.8897716675329391,1
1.7982771421967845,0.23393147327650626,-0.597858777212319,-0.10654678211075762,-0.5512698422470566,-0.5163425924618265,-0.6749738779486766,0.3284108230560983,-0.5014436684309043,-0.7050850925053344,0.1813303895252557,-0.5536458113162918,-0.40314046573383827,-0.5631759050586652,-0.46588685345023273,0.1264991555366454,0.14436602667202036,-0.3339848791456792,0.29052810762264925,0.058755233205746785,-0.06691881137014469,1
0.0564076895293849,1.7887339818578594,0.21983598829450013,-1.1133253356072634,-0.5512698422470566,-0.6479619966864051,-0.6749738779486766,-1.082907035438395,-0.8187723476922162,-0.7050850925053344,-0.7437511911498906,-0.8730554739718185,-0.6802118432057876,-0.7096403731618832,-0.7029837916453572,-0.7299315693529576,-1.2301833345574917,-0.5552935839462848,-0.7594916181900447,-0.531797119285373,-0.8897716675329391,1
1.1450760974465097,-1.0983868161068495,-0.38091934962887714,0.7153580132098072,0.6538036623449464,0.016189347896354712,2.0512239614204115,0.4526029842126543,0.362567328855894,-0.03938051679466946,0.12241713452079525,0.3636054987560049,-0.16291864856539717,-0.16684447779258266,0.3232429085653802,-0.04466340636409043,0.694532879588379,-0.4519975596938136,-0.03724253689605721,0.014725316898082045,0.18561666957005316,0
0.0564076895293849,0.8160122793177782,-0.7146723151418646,-0.6651553431041232,-0.5512698422470566,0.3414082628118958,0.13430224228382615,-0.691814705335848,0.009462085665282512,-0.7050850925053344,0.059833665523687636,0.2196814642890022,-0.06597464657132103,-0.19302214976243134,-0.022941609308416676,0.0837601624119341,-0.3594382565200936,0.13463713276249945,0.06748280643999535,-0.32814367060545985,0.25033804946423605,1
0.9273424158630847,0.6452685762123385,-0.11391697721848724,-1.0523794334958103,0.013251972995569114,-0.5407669951707338,-0.24927421533426095,-0.36359082749460686,-0.6772536992574542,-0.08138080548303948,-0.6579288065957729,-0.7555216592804638,-0.5994357765348118,-0.6615391156927972,-0.6883389481204752,-0.6229259729240967,-0.429525676112736,-0.5310988527136477,-0.5661540993578552,-0.603365533547492,-0.7938154301528614,1
-0.5967933552208899,-0.7129199712172962,0.620339546910085,-0.30377061793243915,-0.5512698422470566,-0.7111233637504715,-0.6749738779486766,-1.082907035438395,-0.843414705041197,-0.7050850925053344,-0.7317035397646222,-0.8927338092114446,-0.6802118432057876,-0.737982563901103,-0.7660256394591722,-0.7299315693529576,-1.2301833345574917,-0.5552935839462848,-0.7594916181900447,-0.603365533547492,-0.8488320615443998,1
-0.5967933552208899,1.7680377754208365,-0.7146723151418646,-0.8945238405700021,-0.5512698422470566,-0.5842068682398327,-0.6749738779486766,-1.082907035438395,-0.7691401496943865,-0.7050850925053344,-0.740977825055137,-0.8055915099756494,-0.6802118432057876,-0.737982563901103,-0.7429836825019903,-0.7299315693529576,-1.2301833345574917,-0.5192431501002402,-0.7234822213217699,-0.603365533547492,-0.8540276872162709,1
-0.8145270368043149,1.757689672202325,4.625375133065933,-0.8216859870639895,1.5565442382230543,1.0062855392813008,0.2787137054348554,-0.36741362458558735,0.6703923003016696,0.9250678084398628,0.09889832169884072,0.805835195678096,0.9484391688952295,0.8889393037972209,1.22992571770015,-0.4103011894429561,-0.4599159863267333,0.0048044698184398285,-0.43464359626528815,-0.026771948679536108,0.1313315440221986,0
-0.5967933552208899,-0.9793836290939674,-0.6062026013501436,-0.4206825126422948,-0.5512698422470566,-0.7111233637504715,-0.6749738779486766,-1.082907035438395,-0.7775734064993889,-0.7050850925053344,-0.7481781139617419,-0.8576114897642223,-0.6802118432057876,-0.737982563901103,-0.7610559134425191,-0.7299315693529576,1.1516529804480224,-0.5552935839462848,-0.7594916181900447,-0.603365533547492,-0.8897716675329391,1
0.4918750526962348,0.6012891375336646,0.5535889538074875,-0.6192476276578744,0.5931165074374354,0.3249048154298996,1.0509643225152059,-0.030099503691462668,0.5039372075649476,0.24318473476597258,0.001130400652193434,0.8780637167471002,0.5478943023433407,1.818931622212684,1.3305706055094582,-0.29609273235281164,-0.6209206480652739,0.9651644421008814,0.1713412162833986,0.4727350837750181,0.5205012185342941,0
-0.5967933552208899,1.3075471821970746,0.7872160296665787,-0.983066571691927,0.38811816526954396,0.2810571661141949,0.741790353534471,-0.14208674670511334,0.5114298633781609,0.07331750192800199,-0.12365841317582435,0.1737799461671459,-0.008138007649374928,0.18425446940461243,0.21177552104592168,-0.01768434482909581,-0.7080548069216371,0.934365222497818,-0.15626333600693365,-0.28215296559939856,-0.0514768220747011,1
0.4918750526962348,0.5987021117290368,-0.047166384115889776,-1.03562956177769,1.166682945899303,-0.2790996130322568,-0.6749738779486766,-0.1839482222697589,-0.43888576680032815,0.24394335062778966,-0.3346540754422852,-0.46693418295020905,-0.3524548750816363,-0.350261394588576,-0.356385888335197,-0.18719918426577487,-0.0375121455268906,-0.45712104249673613,-0.3182180652074553,-0.21174317070517637,-0.3300781261424218,1
-0.5967933552208899,-1.0414722484050363,1.621598443449047,1.3684823573408067,0.6107653228952321,3.8475688110358846,1.0775818759314513,1.1380985286997298,3.1241648434521734,3.1464913812492274,4.958194815425209,3.0273273269981456,2.6452444080538657,2.251750478687376,0.46946917740059246,1.0321865640469865,0.7495247714211176,0.09215113949331141,1.8273392750159714,2.178043293457591,4.146996156245361,2
-0.8145270368043149,-0.9974928097263625,0.3533371744996951,1.4258812596796304,-0.5512698422470566,0.9951315758949265,-0.6749738779486766,0.06981707410059179,-0.37742889545620445,-0.7050850925053344,-0.2931274223980685,0.44400412487355456,-0.19478979325888096,0.8698658870394709,0.6166892042999623,-0.30123300293338195,1.177992402572886,-0.3129640483776912,-0.27538424481086554,-0.603365533547492,-0.2650707919511062,1
0.4918750526962348,-0.24208127477502284,-0.11391697721848724,-0.36829134903740834,0.2225827650260777,-0.24407066027132052,-0.091420178278321,-0.09686060119761304,-0.342309038301382,0.14989548689387602,-0.4462258584765036,-0.2520021436674879,-0.12656831596904555,-0.21403503780309366,0.09603964895796616,0.0034905726567486983,-0.6138413449794162,-0.42262798739284074,-0.2956905865266625,-0.471060681235899,-0.49515812483692223,1
0.0564076895293849,-0.8940117775412475,-0.4810452392827734,0.881360818277603,-0.5512698422470566,-0.22967044690253527,2.5332708304916167,1.7468850642535012,0.158390491196715,-0.7050850925053344,0.28340908351443295,0.3746233533570643,0.6895005978776829,0.1981941079159198,0.6008551341108931,0.07650585276767054,-0.559730033644201,-0.5552935839462848,-0.03095677753858457,-0.42152008274775404,0.4209648707063691,0
0.9273424158630847,0.5961150859244089,-0.3141687565262797,-0.5546540554496303,0.021839574668595735,0.4995116462685451,-0.2427983998101023,-0.007966423058692352,0.13497961116053078,-0.07189291000391736,0.2951050220294647,0.5254039920308915,-0.02417307594367522,0.7753406549928672,0.9665837093283285,0.4650356516156192,-0.009706760015034423,0.3780922685063894,0.9579461491783644,0.6704261790601199,0.3279275818459495,0
0.9273424158630847,-0.2679515328213016,-0.21404286687238347,-0.25512917251611994,-0.5512698422470566,-0.5930840875979538,-0.6749738779486766,0.9107387605675574,-0.5670971242755761,-0.7050850925053344,-0.24296256568352081,-0.6753862079149389,-0.6802118432057876,-0.737982563901103,-0.6966050345846048,-0.2850689586257587,0.5857390844019036,-0.3205914698250961,-0.2906217227926364,-0.06836230562083118,-0.45760155360583493,1
2.4514781869470594,-0.7543123840913422,-0.7146723151418646,0.8525655783142315,-0.5512698422470566,-0.4139956122248768,-0.6749738779486766,1.4262895303737737,-0.37971807707137933,-0.7050850925053344,0.3314624317501049,-0.22264025059390066,-0.3984400342957538,-0.6046534135185284,-0.5759892525647115,-0.35666307892160776,-0.1817822055316807,-0.21769887469749297,-0.169373386706374,0.06998791012911677,-0.17848120915434376,1
0.4918750526962348,0.3865659957495509,-0.7146723151418646,-0.3517913146997099,-0.5512698422470566,-0.34124001553282185,2.5600519828095045,0.26961436207629386,-0.3022533471633223,-0.027981465840719588,-0.1754848792707608,0.0357765607047726,-0.15406088838319873,-0.3645353759930612,0.06741307818400188,-0.2652634314358491,-0.26700788224293315,-0.5290273859985245,-0.39218343814841067,-0.3938073342525885,-0.44704207571680993,1
-1.03226071838774,0.7228793503511748,-0.7146723151418646,-0.6296688846985931,-0.5512698422470566,-0.6279138586044364,-0.25911319058729054,0.7918726217748758,-0.6810940923033034,-0.09579615880404779,-0.6356960246509107,-0.7147751049410965,-0.5223935804341431,-0.7006442386591417,-0.6201433234402397,-0.5208667060682185,-0.6124472967428103,-0.5316580529732617,-0.6650571136140755,-0.603365533547492,-0.7491639914952597,1
-0.5967933552208899,1.7887339818578594,-0.7146723151418646,-0.9079922084699388,-0.13266536170457144,-0.07950969310980668,-0.6749738779486766,-0.7628744208163867,-0.22735577131667686,-0.4738403451532087,-0.4390452587417066,-0.11499143557862379,0.2182447580117326,-0.17113874911670687,0.08864195530801264,-0.1745036898777706,-0.6097358677995641,0.18028284138841813,-0.2935595040921189,-0.31709187649901577,-0.4806389618381165,1
1.5805434606133595,-1.1397792289808957,-0.7146723151418646,2.2739262289454616,-0.5512698422470566,-0.7111233637504715,-0.6749738779486766,-1.082907035438395,-0.843414705041197,-0.7050850925053344,-0.7466460177401826,-0.8899821748615936,-0.6802118432057876,-0.737982563901103,-0.7969054904364349,-0.7299315693529576,-1.2301833345574917,-0.5552935839462848,-0.7594916181900447,-0.603365533547492,-0.8371451498002667,1
0.0564076895293849,0.33999953126624916,-0.7146723151418646,-0.27385258762548237,0.07117682012481218,0.1341404963503834,-0.6749738779486766,-0.3373701879841691,0.43905928394706467,0.6703184482673088,-0.22591380182461676,0.38675481745731377,0.6557540594741771,0.7370436237009016,0.12084368060781073,-0.14000506382341119,-0.9359126357435932,0.11163944220554008,-0.22655254453957446,-0.28410817253473475,-0.2285080316745776,1
0.0564076895293849,-1.4191780158807061,0.620339546910085,1.8633072150464514,-0.5512698422470566,2.5060747798958096,-0.6749738779486766,0.8577162659929308,1.3083349664527861,0.9775894520569423,0.33642508360954326,1.5966453399540526,0.40940573699418364,1.3243640813782955,2.424979897272087,1.0021930639040084,0.7677212374164953,0.22799797017245443,1.1965081733994476,0.43818330379909226,0.9223720835001882,0
-0.8145270368043149,0.7280534019604304,-0.7146723151418646,-0.562293267872339,2.2018596259362115,0.28585452252233173,-0.6749738779486766,-0.3027167567768039,0.8745367153727492,1.424145388883085,0.41886025648527625,0.7668822118050104,1.4470569402923104,0.8278144660148715,0.8797516489713214,0.5225277808482333,-0.4492341723206067,0.813458195879153,0.5605574719288126,0.4321743681990158,1.0991058833949023,0
-0.8145270368043149,-0.5809816551812745,0.620339546910085,0.28179631593185317,1.251787240190348,0.5131253001235627,-0.6749738779486766,0.6401904803161199,0.5895042355160367,0.788977317968727,-0.09471772546246851,0.6400343122784053,0.6097636295750348,1.7035865123742557,1.514805267861413,-0.04638952264365944,0.41706346304430664,0.6038595345543684,0.0895863769835635,0.47556887289780464,0.3744578025338024,0
0.27414137111280984,-0.8914247517366196,0.620339546910085,0.23683475487158342,-0.5512698422470566,-0.3906309670752381,-0.6749738779486766,-0.00030412544109739643,-0.5308150680474494,-0.1183958967009801,-0.49799092196357186,-0.44546147254623597,-0.5282473735636553,-0.45035558369893164,-0.18416494597069225,-0.7299315693529576,0.5203603405183711,-0.5097758996688606,-0.7594916181900447,-0.603365533547492,-0.7543794097459154,1
0.27414137111280984,0.37104384092178366,0.2865865813970976,-0.24074544433953748,-0.5512698422470566,0.12541143755416115,1.6476903741816133,0.009720665704832746,0.3532877262866745,0.31581469571876597,0.5355546004656699,0.2625015465966731,-0.06319947851423764,-0.2791903024512539,-0.046594206019882914,-0.14609724804574725,-0.5349003069758477,-0.02725710885189667,0.13714856166078965,0.13387536035746972,0.7070491261147052,0
1.3628097790299347,-0.7103329454126683,-0.4142946461801759,0.7984829297355708,-0.5512698422470566,-0.5659540926758027,0.050546514786644826,-0.10216192611288623,-0.6735016765462084,-0.7050850925053344,-0.38772205379943964,-0.5269548590451092,-0.542545105922458,-0.737982563901103,-0.48852203242425574,-0.5475618162994689,1.1096507056457745,-0.5140584774906612,-0.5947389475722918,-0.2743816937942027,-0.19473381371406998,1
-1.03226071838774,-0.21879804253337196,3.290363271013984,-0.017992428088149937,-0.5512698422470566,2.2954659078431003,0.48088730448190004,0.2178507928571802,1.4123899559201079,-0.28171408825251326,0.6713531133730791,1.9347508743450479,3.4869337632977424,2.738639270137883,2.6421973989156626,0.8680492218566278,-0.6622148291206309,1.3169745044585175,1.0122169724788102,0.05178429722458318,1.1619863803445043,0
-1.249994399971165,-1.1837586676595695,-0.21404286687238347,1.054377280609,0.7246903390856525,1.0215922139963791,2.2115885402068276,0.9851539886751592,1.1095250591935382,1.409505912693248,0.06855497475167173,0.8976568768836297,1.5106769811535128,2.2856896566734166,1.3706839064149472,0.7212245405058196,-0.5236992653651253,0.100939981892944,1.6439591061159977,0.48738302606234446,0.5742023712123105,0
-0.379059673637465,-1.2898267256493123,0.620339546910085,1.6003186629917823,3.5784243600278467,1.1582101730110348,0.36307837627262946,-0.38129707261322315,0.6962587377826227,2.33667273804955,1.26793505659962,1.0533550307337098,0.3046348158211096,-0.08556713476944695,0.08554563556764744,4.227720025193423,2.1175792152717974,-0.20130605468108542,5.133584676983425,1.0440843101401343,3.4389618256629517,2
-0.379059673637465,-1.3131099578909633,-0.4810452392827734,1.0710654185646733,0.8495396718970722,-0.07703762394878647,-0.6749738779486766,1.7729613063940062,0.3110628584316023,0.06874762368279673,0.024646096393616503,0.47112694905960184,-0.07889646626568607,0.4949859295095746,0.8643821479508981,-0.19888226887626217,-0.3770104987480802,0.7054839175462063,0.4398820309254951,-0.3638704486390309,0.18170835299685237,0
0.27414137111280984,0.9815819308139623,-0.4142946461801759,-0.8929129039496009,-0.03924290252770815,-0.32483603299384173,1.25559540744145,-0.2921655065204117,-0.02958234538279662,1.274886027526815,-0.36359721576871407,0.04536446242497298,0.3454939762099223,0.3367095184208154,0.08933297945607696,-0.14760068406628093,-0.3207920960043133,-0.20417576760312087,-0.014215588871969337,-0.16566171241650612,0.1546275513334861,1
0.9273424158630847,1.6645567432357213,-0.047166384115889776,-0.8164344718257233,-0.12057570161670213,-0.06126814305520257,-0.6749738779486766,-0.7689977885329811,-0.38704180540122757,-0.4671617964932197,-0.14644921122719118,-0.45852960133109755,-0.2488229335959313,-0.32973223520259376,-0.34134407881699896,-0.32173934230182744,-0.1295513911614417,-0.42608032617198416,-0.3538550789795484,0.13298818719994276,-0.23089526501702634,1
-1.03226071838774,-0.47232657138690376,-0.7146723151418646,-1.9446393156146267,-0.5512698422470566,-0.7111233637504715,-0.6749738779486766,-1.082907035438395,-0.843414705041197,-0.7050850925053344,-0.7569939928374871,-0.9023728677218316,-0.6802118432057876,-0.737982563901103,-0.7969054904364349,-0.7299315693529576,-1.2301833345574917,-0.5552935839462848,-0.7594916181900447,-0.603365533547492,-0.8897716675329391,1
-0.8145270368043149,-0.632722171273832,-0.38091934962887714,-0.8955899814755331,-0.5512698422470566,-0.7111233637504715,-0.6749738779486766,-1.082907035438395,-0.7889722876422859,-0.7050850925053344,-0.7388405896280125,-0.8653608756121806,-0.6802118432057876,-0.737982563901103,-0.737619368275954,-0.7299315693529576,1.7240322499454714,-0.5552935839462848,-0.7594916181900447,-0.603365533547492,-0.8897716675329391,1
-0.8145270368043149,1.5559016594413506,-0.6145464254879683,-0.8774932679036307,-0.5512698422470566,-0.7111233637504715,-0.34177191980356614,-0.5198866948996769,-0.6613350646292833,-0.7050850925053344,-0.6467858042773057,-0.6326993807673463,-0.3640882242588824,-0.4687317518785148,-0.5844635526947114,-0.6461765716543183,-0.6919471381394555,-0.5363559794999984,-0.6081632392522569,-0.603365533547492,-0.7583353152203511,1
-0.16132599205404005,-1.4579834029501244,-0.047166384115889776,1.60835711645801,-0.5512698422470566,-0.2363719893348509,-0.6749738779486766,2.926292752134015,0.17531659547381173,-0.7050850925053344,-0.6017371962401575,0.21518593139562048,0.4453271956820949,0.11415187414840691,0.6654420897989015,-0.4317269621621978,2.7901469729682993,0.3212469647103997,-0.35539495794957826,-0.603365533547492,-0.4218004790793293,0
0.0564076895293849,-0.9509263452430607,-0.7146723151418646,1.1229382490780675,-0.5512698422470566,-0.21340014863732087,-0.6749738779486766,1.0186896274019812,0.2569744318787293,-0.09766801420712384,0.9927573001120621,0.05473678077266958,-0.20821160109151438,-0.4401936473784248,-0.47971107648105044,-0.5215089944346847,1.8934980361016605,0.7642298226336701,-0.006336552508888444,-0.039393236827567374,0.4185348808319915,1
0.0564076895293849,0.259801731322785,0.3533371744996951,-0.22320821735097376,0.7281111438613429,-0.03548300293110074,4.148861441042203,0.2766738791193374,0.3992736106004355,0.7084216741510908,0.2913475161176363,0.19846102092285622,0.6012329606755014,-0.26156021555014264,0.5153363984561417,0.24009950318892398,-0.3011181739019002,-0.4730444708015557,-0.266558694840414,0.4903072849352931,0.33347741756697913,0
0.4918750526962348,1.1161072726546117,0.9540925124230724,-0.6228958153263477,-0.5512698422470566,-0.7111233637504715,-0.6749738779486766,-1.082907035438395,-0.7852927311560146,-0.7050850925053344,-0.7498526832023473,-0.8431026293227903,-0.6802118432057876,-0.6377098476995874,-0.670319397878608,-0.7299315693529576,-1.2301833345574917,-0.47066208269667387,-0.7594916181900447,-0.603365533547492,-0.8897716675329391,1
0.0564076895293849,-0.5809816551812745,0.7872160296665787,0.22037740195815708,0.35025869897164535,0.6491529294428998,0.6846915431976188,0.667760040568192,0.48336209177105643,0.2909565144773732,-0.17530745569637102,0.5768948370737175,0.35176853501887034,1.4594296047467197,1.3414269609890743,0.2953815007109896,0.49769792166817084,0.6038595345543684,0.32115310294000216,0.47556887289780464,-0.04695202082177794,0
0.0564076895293849,-0.8215750550116669,-0.7146723151418646,0.8937030552279924,-0.5512698422470566,-0.0948270003863991,0.09505061876327643,-0.5052047950065988,0.29871110133310624,-0.7050850925053344,1.7086560932319828,0.6505468354579916,0.05034487961017034,-0.25402247381770626,0.11953448064911713,3.7218675950568865,0.6008066132744222,-0.030119503438713495,3.8742653773871543,0.9678725484696452,1.7571695053894043,0
-1.249994399971165,1.7887339818578594,-0.7146723151418646,-1.9446393156146267,-0.5512698422470566,-0.7111233637504715,-0.6749738779486766,-1.082907035438395,-0.843414705041197,-0.7050850925053344,-0.7624612045433755,-0.9023728677218316,-0.6802118432057876,-0.737982563901103,-0.7969054904364349,-0.7299315693529576,-1.2301833345574917,-0.5552935839462848,-0.7594916181900447,-0.603365533547492,-0.8897716675329391,1
0.0564076895293849,0.33223845385236556,-0.5477958323853709,-0.1057934435015425,-0.5512698422470566,-0.6169595122425782,-0.6749738779486766,-1.082907035438395,-0.6229869923990495,-0.7050850925053344,0.03450287324612054,-0.5464672295584522,-0.055130441486885166,-0.3576980691525477,-0.5968729771312375,0.09812568775477545,0.09882733815700614,-0.501799391787638,0.20230775622710762,-0.3899706104642774,0.011899061745594146,1
1.5805434606133595,1.5559016594413506,-0.4142946461801759,-0.6050624715204287,0.7743110128041464,-0.11109037664183989,-0.6749738779486766,-0.6324907630074205,-0.11509614339354213,1.0035566518187058,1.3733016735399142,-0.4028137853307361,-0.4905376718376445,-0.019980398507534563,-0.6977659194902973,1.4476983708116644,-0.3343776370225784,-0.29016712169827535,0.905120550125622,0.30316771377268315,0.5748048296644692,1
0.7096087342796598,-0.7103329454126683,-0.7146723151418646,-0.0274033376816931,-0.5512698422470566,-0.4207848216011337,0.050546514786644826,0.005720035912919552,-0.22040026722623882,-0.7050850925053344,-0.35086246520167547,-0.055275822502560426,0.4211220550608498,-0.021427983518408692,0.3749516500098464,0.5466567020214641,0.5892322763886556,-0.18417762584567252,0.22902440551647285,-0.2743816937942027,-0.15384923407766585,1
-0.8145270368043149,1.4006801111636782,-0.7146723151418646,-0.7395411668026597,-0.5512698422470566,-0.4341850620080262,-0.6749738779486766,-0.7905695509279066,-0.24915477974077524,-0.4516052732924277,-0.11496109817598453,-0.26423629991591546,0.3046348158211096,-0.17876933893111224,-0.3409724086676591,-0.38202619429707135,-0.44845244142747676,-0.2603039762252852,-0.32733268987732356,-0.36801555587783114,-0.26581008292812597,1
1.5805434606133595,-1.4890277126056588,-0.7146723151418646,1.677080147521425,4.296226738301362,5.3840198461566215,1.7619885247379117,0.4983286008700732,4.483339560733976,3.7579907311079284,2.1573507211287257,3.834451959936678,2.3254601274586926,2.9816900536569992,3.760765336419864,2.639174658614881,2.2108442988590524,6.369970344492529,3.1142416033777076,4.369266048818255,2.818081315474218,2
-0.16132599205404005,0.6918350406956403,0.3533371744996951,-0.5908537388528912,-0.5512698422470566,-0.7111233637504715,-0.6749738779486766,-1.082907035438395,-0.8106476513345429,-0.7050850925053344,-0.7446906408337226,-0.8800965987538144,-0.6802118432057876,-0.737982563901103,-0.7969054904364349,-0.7299315693529576,1.1405402138150262,-0.5552935839462848,-0.7118337694576933,-0.603365533547492,-0.8661183804027023,1
-0.16132599205404005,1.1368034790916348,-0.5644834806610202,-0.5164263008125729,0.43064190223531645,-0.19257633785412315,-0.3047494800096646,-0.2496369314410921,-0.03417185876602487,0.37976680865278645,0.30965226133727186,-0.18520840332556845,-0.2587136846099139,0.0930384608599716,-0.24613009629122573,0.9451683846198287,-0.39376344890397774,-0.4290428876377088,0.6697208495557293,0.3199553665008346,0.3620031163964699,1
0.4918750526962348,0.10716720884974036,-0.7146723151418646,-0.3712258013005511,-0.5512698422470566,-0.7111233637504715,-0.6749738779486766,-1.082907035438395,-0.843414705041197,-0.7050850925053344,-0.6762236765033235,-0.8550778268609613,-0.6802118432057876,-0.737982563901103,-0.7969054904364349,-0.7299315693529576,0.9269514412965587,-0.5552935839462848,-0.7594916181900447,-0.603365533547492,-0.8036826281476053,1
0.0564076895293849,-1.3545023707650092,0.2865865813970976,2.3753933832354255,-0.5512698422470566,1.0344271442019115,0.41550525779895847,3.833181843476405,1.029404453481344,0.09376039834746354,2.9955786284908936,1.1810658153959792,1.8027954910680863,1.5139333184696344,0.40821968366206973,2.2852483477980576,0.666816966104678,-0.1214502820859057,2.0882333309119634,1.8689978682348036,2.674372535436977,0
-1.46772808155459,0.08129695080346161,-0.7146723151418646,-0.1890410785905002,-0.5512698422470566,-0.40253497038031805,-0.16089085681050577,-0.04051509066956813,-0.5223599921516185,-0.32848650396044393,-0.1269316883777346,-0.41809738810426894,-0.5826651265021712,-0.5533534356570425,-0.5128402708275017,-0.08382158710631142,0.05900258405577855,-0.46763952908061635,-0.17579644228714864,0.09596011438521466,-0.223469832544228,1
0.7096087342796598,-0.2550164037981622,2.9566103055009965,-0.3146681263485671,0.22678848571777996,0.46285421972293844,1.6719268707255817,0.3605792011219149,0.4848619264109315,0.5843557269690188,0.12184840364124551,0.9114360129952028,0.43309307569418337,0.10488954330004263,0.9986907137805674,-0.5824499429705711,0.5195343340656896,-0.28852037348555476,-0.29316992874588316,-0.20429383228154535,0.36662924059794805,0
0.9273424158630847,-0.48008764880078736,0.4534630641535913,0.6049239504384842,0.3080502798749716,0.19648955792645023,1.2690375465233978,0.5113394683256924,1.5847301823589761,-0.2303809892974895,3.6819290460681917,1.1696544240493703,-0.18837965814553653,0.7165536355006337,-0.16340516228464486,0.5731473864385974,0.8596564324427846,1.617643070286672,1.300609002643706,1.1596403015769783,2.4697333828303094,0
0.27414137111280984,0.4305454344282248,-0.5644834806610202,-0.7018107465070641,-0.5512698422470566,-0.43769061013134825,-0.6749738779486766,1.9958877381404176,-0.7011752752799914,-0.7050850925053344,-0.6274649053751927,-0.7694107998646295,-0.5937780435949883,-0.737982563901103,-0.7969054904364349,-0.5009305629870577,0.6994055788646971,-0.3740679008906834,-0.6043321410513003,-0.3968136544112496,-0.55607069348796,1
0.9273424158630847,-0.8319231582301785,-0.44766994273147465,-0.08353166756577583,3.556699522043617,2.388042710268286,2.422800424462109,0.3251446374451777,1.091204798741055,3.833549260116014,0.1359185531306821,1.3889986753592256,1.817935779691708,2.1824423125562378,1.3427536242649984,0.048737562766386355,-0.09729040033851319,1.777536714128535,0.38361299458965853,0.8013057822427363,1.7723599855783418,2
1.1450760974465097,-0.5680465261581351,0.9540925124230724,0.60965724325965,-0.5512698422470566,-0.4407705785701118,-0.6749738779486766,-1.082907035438395,-0.5797198923581107,-0.21018081469290034,0.009791002123173347,-0.46316235059084754,-0.6802118432057876,-0.616668055355256,-0.6820432662757033,0.7984136952855417,0.677670534783596,-0.5168969391365428,0.6212141170495966,0.4688170931328153,0.5568977135439271,1
-0.379059673637465,1.4989870917395374,-0.7146723151418646,-0.6613875796449334,0.7925605614969665,-0.035241400799572366,-0.6749738779486766,-0.9071093951910866,0.13225610188622186,0.28472346311953417,0.8592684294563769,-0.18081273243521495,-0.1033554772175676,-0.22239590258125333,-0.5671810421149717,0.3738733439970698,-0.27625639988694795,-0.36331035989757426,0.3527435574196664,1.0049084064729688,0.8995299353779217,1
0.4918750526962348,-1.3648504739835208,0.019584208986707704,2.147386446175032,0.9065991225750405,1.9285329542834275,0.4243889982123809,0.22485964068705755,1.5595915472382345,0.905621701678515,3.2496036692222248,1.343900763389148,0.15419999010417001,0.1503806040756645,0.09093739397500432,4.244194159551975,2.13523980576476,0.007049130568695963,4.233420273443689,7.6219004884716135,3.446824885346744,2
-1.249994399971165,1.36187472409426,-0.6145464254879683,-1.2139291540341066,-0.5512698422470566,-0.7111233637504715,0.023779743015827297,-0.4075450052030582,-0.7343184433796898,-0.7050850925053344,-0.6530037336782998,-0.6427858473333664,-0.6802118432057876,-0.7066135372576946,-0.6038514576924997,-0.6421107950670057,-0.7368580136502008,-0.5354366783132855,-0.6801544098148938,-0.5241538905777681,-0.8110192345245647,1
-0.16132599205404005,-0.5318281648933448,-0.11391697721848724,0.39171955182044677,-0.5512698422470566,-0.5782747319183021,0.6529158445484435,0.7121098436223151,-0.3251068198412317,-0.7050850925053344,-0.3970389608804243,-0.22407006767540405,-0.5542289987546224,-0.20146803071956196,0.1626108630538588,-0.3961478146867936,-1.2301833345574917,-0.47982268799798483,-0.5333366607368932,-0.603365533547492,-0.21630759558862978,1
0.7096087342796598,-0.6663535067339944,-0.21404286687238347,0.1027896401789503,-0.5512698422470566,0.28236095130455585,2.16227801269563,0.35534729045814617,0.1532893149346626,-0.18546811750909947,0.40871468546179957,0.5939864689950913,0.1273365342354526,0.5994262001532772,1.3437052567429817,1.409617911936856,-0.00026691097724622186,-0.11184008692549181,0.6901586872718128,0.3615384484884369,0.589164874163423,0
1.1450760974465097,-1.0026668613356182,-0.4142946461801759,0.9187571750414695,0.5831416660376498,1.1717059777314471,-0.6749738779486766,-1.082907035438395,1.8945816083297127,1.1749237092639284,1.338126443595452,0.5617710958994907,-0.5178916331601502,-0.12352746197950716,-0.03332654463892466,1.6353838965579022,0.5285253435524435,1.6812044879035755,1.2802038855593783,1.142177882449359,1.2313021818764491,0
1.7982771421967845,0.5650707762688744,-0.6145464254879683,-0.4761215232597199,0.027399245649184105,-0.01262093736693906,-0.6749738779486766,-0.5903620946806106,0.3829260535709762,-0.06575038276865705,0.8559041761532848,0.10502952705572756,-0.3490103798628699,-0.5812642254562659,-0.5928787951759923,0.2572534479842786,0.3742924654164733,0.4119480077403556,0.2314217766329802,0.8806521106104344,0.7331841921808734,1
1.1450760974465097,-1.2432602611660106,-0.44766994273147465,0.22175875671481443,0.7792388226742254,-0.7111233637504715,-0.6749738779486766,-1.082907035438395,-0.6867662624138469,0.029912152796031637,-0.643523944681445,-0.6228222544549784,-0.48983256339389675,-0.6478986490980065,-0.7116128165475646,-0.7299315693529576,2.668590517573467,-0.4412455571693928,-0.6455734147145725,-0.3758897186994928,-0.8332323975524843,1
1.5805434606133595,-0.19034075868246533,0.2865865813970976,0.0756919888972648,-0.5512698422470566,-0.7111233637504715,0.46743283569170274,0.46137732718208857,-0.7096419080038727,-0.7050850925053344,-0.5303043036609496,-0.6674348416162847,-0.4634413616421955,-0.6866966949444195,-0.5055565472477855,-0.29919158118852685,0.02480495958805926,-0.5552935839462848,-0.5000715400109799,-0.4738607839303242,-0.7932061842012419,1
1.7982771421967845,0.6245723697753155,-0.5811711289366696,-0.5725943971290604,0.016836238489173254,-0.5396853674337196,-0.6749738779486766,0.8484135955638475,-0.5758691109665482,-0.07742077826385049,-0.552069013118677,-0.6409095806043681,-0.5989229126194406,-0.39180294844348956,-0.5419751651463667,-0.62224657231185,-0.11230815738157031,-0.45790018965109763,-0.6622090888728954,-0.5062369713346162,-0.4793683633732258,1
-0.8145270368043149,0.614224266556804,-0.5144205358340721,-0.5701661735707909,-0.5512698422470566,-0.10917944356187616,-0.24520702110546055,0.006375948247182233,-0.13887087351102134,-0.390253469916055,0.4020200658063722,-0.21242041767460668,-0.027829342958671063,-0.4678742652160225,-0.48636138399232315,0.5664037453457273,0.31846539815437386,0.32403849512013433,0.46041271042866716,0.7607649102702874,0.36957754980241214,1
-0.16132599205404005,0.2546276797135293,-0.4142946461801759,-0.38602852625420414,-0.5512698422470566,-0.7111233637504715,-0.6749738779486766,-1.082907035438395,-0.8056900577119605,-0.7050850925053344,-0.7297264579999717,-0.8126096746824003,-0.6802118432057876,-0.5644278775481365,-0.6736625399828656,-0.4869895885619179,-1.2301833345574917,-0.500362663260548,-0.5948864432487625,-0.603365533547492,-0.8353076975249093,1
0.27414137111280984,-1.0337111709911528,-0.7146723151418646,0.7103445556702886,-0.5512698422470566,-0.5366388117641167,-0.6749738779486766,0.3905872322073616,-0.5030396560366964,-0.7050850925053344,-0.3194315774555474,-0.4280034987365061,-0.5147448762610425,-0.3465031926243189,-0.055589520287609724,0.1468574210948336,-0.5258677948182199,-0.10923498487220475,-0.26443512812700687,-0.4056563439057737,0.09304342938094247,1
0.0564076895293849,0.06060074436643861,-0.7146723151418646,-0.5406100153714034,-0.5512698422470566,-0.7111233637504715,-0.15694396221443555,0.6677512211311315,-0.8029747520020827,-0.7050850925053344,-0.7405293955888518,-0.8542608299938831,-0.6802118432057876,-0.737982563901103,-0.7528676223441008,-0.7299315693529576,-0.6976760524618254,-0.5552935839462848,-0.7594916181900447,-0.603365533547492,-0.8897716675329391,1
1.3628097790299347,0.1330374668960191,-0.3141687565262797,-0.16260683722305494,0.11771488833953153,-0.4083029777330313,-0.6749738779486766,0.05252082589624728,0.10174636561503858,0.034033632676226125,0.36950709575805574,-0.27989688266648094,-0.4887650160304657,-0.511509918274627,-0.5610353763830073,0.28452148688476714,0.3540271969033722,0.5055662389606369,-0.18670663249094113,-0.031487083135231964,0.048357490628736566,1
-0.379059673637465,0.5210913375902004,1.2878454779360597,-0.43966951543342553,0.03546266736577054,0.2627006645077995,0.6523716274490593,0.038518724814953394,-0.32531924110565796,-0.3809633564626011,-0.36909084098362976,-0.2683756455025797,0.07537542962140556,0.13597908823778979,0.0681859412856,-0.17385330594395892,-1.2301833345574917,-0.3541203432709802,-0.20689495575738492,-0.3024262178387454,-0.36618095258279376,1
1.7982771421967845,0.14079854430990274,3.6241162365269712,-0.1357750245935999,-0.5512698422470566,-0.30849172282016896,-0.6749738779486766,0.6171730235974356,-0.48997026925292625,-0.7050850925053344,-0.12777550190377518,-0.44850167277421904,-0.5847560626477287,-0.5121431129967886,-0.3906325582407065,-0.09767110210321071,-0.28401939149323246,-0.32655979678517427,-0.1883080816587858,-0.3752537192171591,-0.40784420878061967,1
1.7982771421967845,0.14079854430990274,-0.38091934962887714,-0.1357750245935999,-0.5512698422470566,-0.30849172282016896,-0.6749738779486766,0.6171730235974356,-0.48997026925292625,-0.7050850925053344,-0.12777550190377518,-0.44850167277421904,-0.5847560626477287,-0.5121431129967886,-0.3906325582407065,-0.09767110210321071,-0.28401939149323246,-0.32655979678517427,-0.1883080816587858,-0.3752537192171591,-0.40784420878061967,1
-1.249994399971165,-1.3648504739835208,-0.7146723151418646,1.1591423605001023,-0.5512698422470566,-0.7111233637504715,-0.6749738779486766,-1.082907035438395,-0.7575930531740744,-0.7050850925053344,-0.7252262637195649,-0.7710971360335276,-0.6802118432057876,-0.6392755452370177,-0.750176917572675,-0.7299315693529576,-1.2301833345574917,-0.4928110601112869,-0.6346688208992015,-0.603365533547492,-0.7658689088792339,1
-1.6854617631380147,0.46935082149764296,2.2891043744750217,-0.4003630886026636,-0.5512698422470566,0.818960753376539,0.6744940525390213,0.011604506568873013,0.9123532560736852,1.6015812623321197,0.5706272497424295,0.5956412479261568,0.685442190644843,0.2717079811836027,0.8856346564780153,0.17462240579234695,-0.4527519613396919,0.21167939612831396,0.21090161174852004,-0.09344058192989346,0.5297409374430107,0
0.27414137111280984,0.18219095718394876,-0.7146723151418646,-0.5698595513905504,0.7633557991260378,-0.016870320814864594,1.8033877942050396,0.2571744362570662,0.12395056279069415,0.747361254499753,-0.08253887602924591,0.43923537519494044,0.448427854191428,0.24111129799921774,0.9939273731714824,0.14222791081469155,-0.5414848782958421,-0.2735771541668178,-0.08414182788917315,-0.378605224294556,-0.05180672953060748,0
-0.8145270368043149,1.092824040412961,-0.7146723151418646,-0.5571089023601511,-0.054521985392337914,-0.11150677704927142,0.0742102611145839,-0.4499487067272755,0.3555274696548779,-0.43067251931162526,0.5189530566596744,0.09660417260898886,-0.1115842094026105,-0.5025515971082778,-0.5103079005891689,0.02334030446686562,0.039247817367723155,0.6369475509371996,0.1336713678376345,0.9253477148827823,0.3556617174216713,1
0.9273424158630847,0.016621305687764723,-0.11391697721848724,-0.09864442139955643,-0.5512698422470566,-0.18426513116728283,1.9581342791004908,0.5472922694049503,0.019909248521632845,0.4522666674131096,-0.11143096847125562,0.026917008315167548,0.019269491205511025,0.20767882466603596,0.2999166895920538,-0.7299315693529576,-0.33786611996030397,-0.3158483608986052,-0.6399052894684758,-0.48396847170532276,-0.20721856827621069,1
-0.379059673637465,-1.069929532255943,-0.11391697721848724,1.0256910349059913,4.181382466696084,2.323754223939467,0.21723632402666132,0.6417778186336636,2.4301493613019227,3.216520044408401,1.2621963959209213,4.140495763006506,4.2293708404721,4.709339649580682,5.270857623905685,3.082651301094194,0.25639747956826414,2.1829901135101335,2.4821873752541386,1.4194772497289319,2.227457901835734,2
0.9273424158630847,-1.5174849964565655,0.019584208986707704,2.875579609342305,2.762682295380952,1.0389728486497045,-0.6749738779486766,1.0284192415817979,4.131261184784303,1.1256024906989945,5.78660032881308,3.2919340297874764,0.2681590136349282,1.2813985262683083,0.052862260530459095,1.154555878866427,3.1100517283414453,5.4810678333075025,0.5173415790975404,2.7961341439031653,2.2787832542883772,2
1.3628097790299347,1.5403795046135833,-0.21404286687238347,-0.9369771717905421,-0.5512698422470566,-0.6442051867495089,-0.6749738779486766,-1.082907035438395,-0.738982409956297,-0.7050850925053344,-0.6831696979687553,-0.8313758865746943,-0.6167520832684907,-0.6779266206990388,-0.7684745991401447,-0.7299315693529576,-0.8523951705913135,-0.5362855794834694,-0.7215188836982206,-0.603365533547492,-0.8143859742256662,1
-0.16132599205404005,-0.9638614742662001,1.120968995179566,0.773005014144083,4.989083576697602,3.3014811320843407,0.9961938378255629,0.6113832772663538,3.7226691566817163,2.9676256007343094,2.3294078154808444,4.485622101293172,1.0638509709223398,2.4130021712239222,3.2875045200158968,1.160390205331502,1.5778763210279565,6.235860357271524,1.2328425348531222,2.238321503330766,2.029615158268992,2
0.27414137111280984,1.7887339818578594,-0.047166384115889776,-1.067695751798969,-0.5512698422470566,-0.7111233637504715,-0.6749738779486766,-1.082907035438395,-0.8187723476922162,-0.7050850925053344,-0.7410783320936785,-0.8521144784360949,-0.6802118432057876,-0.6812981824226634,-0.7432359482701049,-0.6505847294279309,-0.5170253267897589,-0.5373526955234872,-0.6878097544826717,-0.603365533547492,-0.818618153499057,1
-0.379059673637465,1.2066531758165875,0.620339546910085,-0.6409122297587003,-0.06924044041025533,0.16165189022571996,-0.6749738779486766,-0.5645188528042007,0.3767553527840949,-0.1725214319368024,-0.22076176915104845,0.06218207816604364,0.6302642498832015,0.46956653244262564,0.17646484248927996,0.0010211378351672586,-0.581425655976057,-0.24540551118887113,0.4786496640282195,0.055931373594453535,0.503112273857603,1
-0.5967933552208899,-0.7724215647237374,1.621598443449047,0.7544575109830368,-0.5512698422470566,-0.11109037664183989,0.8244349337043216,0.5031212638591738,0.38562286773922055,0.3933274574172629,0.01199970699409214,0.43052149812697615,1.0268556991075009,1.079460417251367,0.28654839204635507,0.9661071340444884,1.5941452380801582,-0.0013686538924079113,0.7727082185550574,0.0765344019426394,-0.04482368838058811,0
-0.5967933552208899,-0.3300401521323706,-0.5811711289366696,-0.21509372732548854,-0.5512698422470566,-0.4686857932015295,0.5366696062153623,0.37889850326940405,-0.22860033481915068,-0.26128204203155775,-0.23922879535760497,-0.034273416422743806,0.3543745460749933,-0.3028297363898494,-0.15314204273424248,-0.7299315693529576,-0.3131629871955483,-0.38313354352549944,-0.2779922306607197,-0.05395144426253743,0.5782187608933677,1
-1.46772808155459,1.0798889113898216,0.019584208986707704,-0.509827618108643,-0.5512698422470566,-0.48548421818037335,-0.6749738779486766,-0.3562814527687602,-0.3445614124681664,-0.15434899505110772,-0.2022775962163521,-0.3787021506690218,0.17569945934683606,-0.29923124068880746,-0.3175796699049696,-0.35198422597748225,0.04366784226996993,-0.5125652842206805,-0.4180543286646738,-0.09202017816494203,-0.2542954715130651,1
0.27414137111280984,1.7887339818578594,-0.4810452392827734,-0.7311775712127979,-0.5512698422470566,-0.5848006296223386,-0.6749738779486766,-1.082907035438395,-0.6462758462493505,-0.7050850925053344,-0.06217213181579479,-0.684586514150306,-0.5005205229622837,-0.6529559916834435,-0.7700707193532699,0.06353682989730954,0.5527116848618407,-0.44764825340949904,-0.22187764038474572,-0.24552346223689656,-0.6051576113974103,1
-1.249994399971165,-1.3933077578344275,-0.7146723151418646,3.1352166942931463,-0.5512698422470566,-0.48611099358473464,-0.6749738779486766,-1.082907035438395,-0.6678379089297087,-0.7050850925053344,-0.7338950233801083,-0.812850111806613,-0.6802118432057876,-0.6370135093926325,-0.7491060544445471,-0.7299315693529576,-1.2301833345574917,-0.4913791689400682,-0.7594916181900447,-0.34840305773869273,-0.8264005690965127,1
-1.6854617631380147,1.090237014608333,-0.7146723151418646,-0.593397616979159,-0.054177021602855244,-0.6361192403618926,-0.6749738779486766,-1.082907035438395,-0.6385751095777941,-0.43048195502468506,-0.49584351368621454,-0.8277705711258162,-0.5379562146796802,-0.737982563901103,-0.7809723451058057,-0.5414828245310191,-0.1715894167772632,-0.5552935839462848,-0.6743694050375391,-0.43339054967495916,-0.6362872737872338,1
0.0564076895293849,0.30119414419683105,-0.7146723151418646,-0.04338571825002578,-0.5512698422470566,-0.615963947292715,-0.19939046632305607,0.5243052142051703,-0.6949092211054889,-0.35668992248583226,-0.7141377967605799,-0.7951033099731998,-0.49972893124314927,-0.695281994593556,-0.6756170537345522,-0.6103869911399218,-0.3357041178985048,-0.5282636991859465,-0.7054933860580588,-0.603365533547492,-0.7557711069625221,1
-0.379059673637465,-0.09462080391123392,1.621598443449047,-0.27108023585356467,0.17766464016399194,-0.6011376838323924,0.4243889982123809,0.15426996214619484,-0.3284847938384616,-0.7050850925053344,-0.46458167795289024,-0.3189251713293693,-0.47160888487829833,-0.14574045191659124,-0.09597689748003554,-0.7299315693529576,0.32213361208561314,-0.43032853627628903,-0.7594916181900447,-0.603365533547492,-0.48708770190839706,1
-1.03226071838774,-0.19810183609634896,-0.7146723151418646,-1.9446393156146267,-0.5512698422470566,-0.7111233637504715,-0.6749738779486766,-1.082907035438395,-0.843414705041197,-0.7050850925053344,-0.7624612045433755,-0.8871673040844271,-0.6802118432057876,-0.737982563901103,-0.7725490899310145,-0.7299315693529576,-1.2301833345574917,-0.5552935839462848,-0.7594916181900447,-0.603365533547492,-0.8897716675329391,1
1.7982771421967845,0.04766561534329923,-0.6145464254879683,-0.5056243672341951,0.8292772391948907,-0.19036185131289343,1.9276643679292376,0.5917554332066051,0.17245875365593832,0.8201936653428238,-0.18507725354811846,0.00925712501173321,-0.4826726869110967,-0.5977748122210668,0.1765989340077986,-0.4682476806898994,0.5484994449413223,-0.40737208344973724,-0.34578288695703735,-0.1313038618474972,-0.4497794700958422,1
0.4918750526962348,0.5573096988549907,-0.5477958323853709,-0.6721230354017491,0.028806058666759705,0.9518529862588645,-0.6749738779486766,-0.14864002497297993,0.727385804740675,0.5766929236117968,-0.025388912615961195,0.7633017480102722,0.48181144329596465,1.4614081858458086,1.0623918577083091,0.36960729832772066,-0.21228609056939782,1.0109721452174016,0.13449856208262428,-0.5041905024387209,0.14552925992115726,0
0.0564076895293849,1.7887339818578594,2.9566103055009965,-0.7511405141289267,-0.13266536170457144,0.3626198763386588,-0.043643851989519644,-0.32122941263801547,-0.10414398457177278,-0.011350850448957428,-0.4604281311914037,0.11954771442148066,0.2781418647595672,0.28233630271081,0.39724182276441095,-0.5712378895029042,-1.2301833345574917,-0.10677137337634396,-0.2935595040921189,-0.38866029076113484,-0.302755176753411,1
0.9273424158630847,-0.5111319584563219,0.3533371744996951,0.564970425699129,-0.5512698422470566,0.604417899094275,-0.6749738779486766,-0.7673961971009364,1.4149177760030365,-0.22344256147959157,1.6369588356745415,0.9644110315090327,0.19307484104705175,0.2655588304827211,0.1812072070833154,0.09639666616345946,0.7342368915284204,0.9020484975596522,0.36026465714133327,-0.007107368440433989,0.36993153159309905,0
0.27414137111280984,-0.6792886357571338,-0.7146723151418646,0.8775029121119137,-0.5512698422470566,-0.7111233637504715,-0.6749738779486766,-1.082907035438395,-0.6761987087445415,-0.7050850925053344,0.5555128681745636,-0.5234405675515947,-0.6802118432057876,-0.6097678915093944,-0.6755100974411643,-0.7299315693529576,1.7943707162431615,-0.5147130029899568,0.05119612611953314,0.044158214538347305,-0.32647301476470525,1
-0.5967933552208899,-0.4231730810989741,-0.21404286687238347,0.0031735432019396803,0.2859391188379137,1.1837176481715235,0.5876861739696373,0.06494327567254093,0.5858420211996896,1.1448728863116713,0.26926239115451056,1.2084794822791083,1.236495572724922,1.5293926952364816,1.4035457383831014,1.9678609880979507,0.7916196174640312,0.4852779445759779,1.4626461567385247,0.5417290946464135,0.3909915850769402,0
-0.379059673637465,-0.10496890712974542,-0.7146723151418646,-1.9446393156146267,-0.5512698422470566,-0.7111233637504715,-0.6749738779486766,-1.082907035438395,-0.843414705041197,-0.7050850925053344,-0.7624612045433755,-0.9023728677218316,-0.6802118432057876,-0.737982563901103,-0.7969054904364349,-0.7299315693529576,-1.2301833345574917,-0.5552935839462848,-0.7594916181900447,-0.603365533547492,-0.8897716675329391,1
-0.5967933552208899,-1.132018151567012,-0.7146723151418646,-0.10644839044593453,-0.5512698422470566,-0.7111233637504715,-0.6749738779486766,0.486960351261645,-0.6258324447997659,-0.7050850925053344,-0.6837935799973728,-0.6188584600041003,-0.32763334909633046,-0.6545657890920394,-0.4020048144277234,-0.7299315693529576,1.3935262034864482,-0.5552935839462848,-0.7594916181900447,-0.603365533547492,-0.6279977669349646,1
-1.249994399971165,0.0295564347109041,-0.5477958323853709,-0.11944211935572531,-0.5512698422470566,-0.29168282907259313,-0.6749738779486766,-0.19737989789206153,-0.6797703125489362,-0.7050850925053344,-0.5849626031405499,-0.7146358261908881,-0.5807710154982175,-0.643875483970878,-0.4850489760039243,-0.7299315693529576,-0.3836370838805805,-0.4659375085977878,-0.7594916181900447,-0.3657306046383199,-0.8011751803985179,1
-0.5967933552208899,0.04766561534329923,-0.7146723151418646,-1.9446393156146267,-0.5512698422470566,-0.7111233637504715,-0.6749738779486766,-1.082907035438395,-0.843414705041197,-0.7050850925053344,-0.7624612045433755,-0.9023728677218316,-0.6802118432057876,-0.737982563901103,-0.7969054904364349,-0.7299315693529576,-1.2301833345574917,-0.5552935839462848,-0.7594916181900447,-0.603365533547492,-0.8897716675329391,1
-0.5967933552208899,-0.037706236209420665,-0.6062026013501436,-0.14989178191494001,-0.5512698422470566,-0.7111233637504715,-0.6749738779486766,0.12716050602382345,-0.5496208629422924,-0.3112319869553991,-0.10691856111540982,-0.30317673251240135,0.13591606546988813,-0.1587178687130646,-0.2713021305256369,-0.18936146468444895,-0.6228625211696315,-0.15805658231402245,-0.3321848908109326,-0.237682301311764,-0.25353593821104925,1
-0.16132599205404005,-1.2743045708215452,-0.44766994273147465,0.0069525141993713215,0.8095926325203388,-0.7111233637504715,-0.6749738779486766,2.3851270013400208,-0.843414705041197,-0.7050850925053344,-0.597363883751869,-0.7389853284088854,-0.6802118432057876,-0.737982563901103,-0.7969054904364349,-0.7299315693529576,1.0882580975391307,-0.49696864249574496,-0.6429745203387062,-0.603365533547492,-0.8319425282753637,1
0.4918750526962348,-0.13601321678527994,0.4534630641535913,0.18574501847837263,0.18973808914802587,0.5187579141740529,0.4425979071343037,0.2918417612857096,0.3343675297439415,0.5229537831845258,1.7830635102951804,0.2690221993261614,0.3800785557465654,0.1149237350524373,-0.44063640229814083,3.4838291844295175,0.26578739943851837,-0.3965000062910884,2.0955391335089035,1.9304230459188365,1.4718841748183524,0
-0.8145270368043149,-1.0854516870837103,-0.7146723151418646,-1.9446393156146267,-0.5512698422470566,-0.7111233637504715,-0.6749738779486766,-1.082907035438395,-0.843414705041197,-0.7050850925053344,-0.7548308389571939,-0.9023728677218316,-0.6802118432057876,-0.737982563901103,-0.7969054904364349,-0.7299315693529576,-1.2301833345574917,-0.5552935839462848,-0.7594916181900447,-0.603365533547492,-0.8897716675329391,1
0.9273424158630847,-1.4269390932945898,-0.047166384115889776,2.6709591900043588,-0.5512698422470566,1.1390854187686497,-0.6749738779486766,0.2217569725217316,2.314711820304629,2.6818829415172347,4.3855683601259425,1.4746767540098782,-0.022241484284177625,0.1960352422586247,-0.20734499511893245,4.499823747332957,2.3147235442036056,-0.02974464685019996,4.358777643742203,6.21019270648209,4.060501717822162,2
0.0564076895293849,0.7772068922483601,0.4534630641535913,-0.5951461041880278,-0.008575633204107758,0.43526263133197873,0.14350553402263366,-0.29182717439700334,0.46642280347816933,-0.10549674076593363,-0.26693866851945225,0.14556598848057356,-0.3696006148849467,-0.2970562909907235,-0.24027217971968245,-0.2155907950095319,-0.0744780717799867,0.5844084941023988,-0.34130212521943304,-0.04666202306277489,-0.19792646853025586,1
-1.9031954447214396,-1.2199770289243597,-0.7146723151418646,-1.9446393156146267,-0.5512698422470566,-0.7111233637504715,-0.6749738779486766,-1.082907035438395,-0.843414705041197,-0.7050850925053344,-0.7624612045433755,-0.8892799600925491,-0.6802118432057876,-0.737982563901103,-0.7969054904364349,-0.7299315693529576,0.6258201588756899,-0.5552935839462848,-0.7594916181900447,-0.603365533547492,-0.8897716675329391,1
-1.249994399971165,-1.3519153449603813,-0.597858777212319,1.1032742903300372,-0.5512698422470566,-0.4933694571384681,-0.6749738779486766,0.38821062854986826,-0.16376259106124255,0.0921498227610669,-0.4860142900601441,-0.2381717754476302,-0.2672116313557985,0.1414253302049311,-0.14930022861085845,0.09073231938774207,-1.2301833345574917,-0.24603028552910788,-0.26523360633678594,-0.603365533547492,-0.6444641897145146,1
0.27414137111280984,-1.4347001707084734,-0.21404286687238347,1.1558245249152903,-0.5512698422470566,-0.4783519463376402,-0.6749738779486766,0.04148341360642769,-0.6617835366500022,-0.7050850925053344,-0.47679939291070306,-0.3158444668979867,-0.23872885812476477,-0.11127808764163055,-0.3024285663824233,-0.1450906371469417,0.9578207837786078,-0.026346701136216684,-0.36323303972148385,-0.07585696290859696,-0.16865227153222584,1
-0.5967933552208899,0.9091452082843817,-0.7146723151418646,-0.5991078200851869,-0.5512698422470566,-0.7111233637504715,0.5070418275879935,-0.06828684686231437,-0.5050769373519057,-0.4164511377811483,-0.5022378900049994,-0.5991717090016756,-0.45592559677046507,-0.5964784875096698,-0.31123530867944366,-0.6308928129501871,-0.3556147652871458,-0.5552935839462848,-0.7147558565332535,-0.42470569648439177,-0.6233355164425627,1
0.0564076895293849,-0.02218408138165341,-0.7146723151418646,-0.22573675131157658,0.1574565555030918,-0.3903136478706091,-0.14053113320107322,-0.17984470704955996,-0.5930873917733326,-0.31357170837450765,-0.5407197586819743,-0.6825546155735724,-0.2745720311709468,-0.4980560977423611,-0.5924564176790535,-0.5955918700739519,-0.4755421258428733,-0.4034177463077504,-0.2740421649638737,-0.4821952480145973,-0.6187190484781255,1
-0.379059673637465,-1.1035608677161053,-0.7146723151418646,-1.9446393156146267,-0.5512698422470566,-0.7111233637504715,-0.6749738779486766,-1.082907035438395,-0.843414705041197,-0.7050850925053344,-0.7392994360326184,-0.878177528285286,-0.6802118432057876,-0.737982563901103,-0.7969054904364349,-0.7299315693529576,2.204810875407218,-0.5552935839462848,-0.7594916181900447,-0.603365533547492,-0.8383896958277285,1
1.1450760974465097,1.7757988528347202,0.2865865813970976,-0.923543566807828,-0.5512698422470566,-0.5844301817216696,-0.6749738779486766,-0.37035113419026144,-0.7445562157350217,-0.7050850925053344,-0.6069807580946247,-0.6419430323321051,-0.6201390851185166,-0.5105801185565123,-0.5546843015977777,-0.4116134549323226,-0.5149339543329619,-0.3933520749569267,-0.579761432061587,-0.603365533547492,-0.6221635099128396,1
0.4918750526962348,-1.1656494870271743,-0.5477958323853709,1.4381155033774788,0.7089654776959888,-0.14066946755564572,-0.6749738779486766,0.5228904146896389,-0.620852569125226,-0.008908124244533355,0.31581154922502214,-0.28453976351821136,-0.31956377088607885,-0.31135275611883295,-0.514148263442169,0.2255831931244769,1.1529948600621103,0.03884041470305228,0.10371955744099882,-0.17244303922276089,-0.03292301261787888,1
1.1450760974465097,0.15114664752841425,-0.4142946461801759,-0.4481335451192339,0.1133667981685882,0.6928535420190288,1.8310018518334934,0.6989347197328304,0.4086092449460171,0.3963871024031194,-0.23198430271854265,0.2746394106063885,0.7463069943819185,0.29702055752277357,0.3960832184418789,0.5298929085652939,-0.2309178558461719,-0.3558948518934643,0.15100782054427786,-0.37610093115524756,0.5223976569556698,0
1.5805434606133595,1.3101342080017024,-0.7146723151418646,-0.6655149170542429,-0.5512698422470566,-0.7111233637504715,-0.6749738779486766,-1.082907035438395,-0.843414705041197,-0.7050850925053344,-0.7534698819477242,-0.8882840405614038,-0.6802118432057876,-0.737982563901103,-0.7818604220586604,-0.7299315693529576,-1.2301833345574917,-0.5552935839462848,-0.7594916181900447,-0.603365533547492,-0.8698253545824572,1
-0.379059673637465,1.695601052891256,3.290363271013984,-0.9308529979384089,-0.5512698422470566,0.19215210071413522,0.29238664569841877,-0.4334358297072803,0.012443512563190123,-0.23264958716228182,0.08667450315326619,0.055959143031283305,0.176381188779375,-0.01419005846403793,0.532569861882738,-0.00045255713900243047,-0.8877908071722308,0.06781469138313838,0.22902440551647285,-0.4571504936571412,-0.017567301956318747,1
0.7096087342796598,-0.5163060100655776,-0.3141687565262797,0.48178274919113745,1.1967488677105738,1.9263842718918656,-0.6749738779486766,-1.082907035438395,1.3175304778694275,1.226189720545386,1.4140097412293675,0.7328657507051133,-0.05491237715696399,-0.14622253747783223,-0.348676347069282,1.5894375976862847,1.2527428831459368,1.167820315122411,0.9616608235749055,0.741491481707713,1.2272408516619622,0
1.1450760974465097,-0.715506997021924,-0.5477958323853709,0.3951067624798219,0.41343859673899397,1.4722850799062746,2.9624059885949854,0.5101825405290572,1.6553601830144846,1.426605031333669,0.617339244097458,1.761592699135342,-0.12806061658154333,0.9602570590985098,1.3057543354061765,0.5500976407583227,0.26543011003465017,2.297597824417452,0.8098774868318932,0.22131093807126578,0.70902477819469,0
-0.16132599205404005,-1.17082353863643,-0.4810452392827734,1.24759246107088,-0.5512698422470566,0.05216948204142733,-0.6749738779486766,-0.16114525388928233,0.12442911804686532,-0.7050850925053344,-0.09221582318615103,0.05928500500701665,0.04363305106133109,0.5464294369133635,0.297583361957321,-0.25048599948795525,0.6927917935430734,0.040939828125841446,-0.3263609222903692,-0.38714293922200865,-0.406091198901558,1
0.7096087342796598,-1.2872396998446844,0.4534630641535913,1.4063106142991992,2.196575308338931,0.32540194987288446,3.469265447925254,2.0262620282290835,1.1785829469145217,2.330834431273053,0.4920382676553859,0.7884216010032153,0.10615324346444116,0.0062039414972213,1.493063650364946,0.051353054093082925,0.5780007332179035,-0.3197548568600357,-0.28895040153128015,0.10132921724842162,0.8617519744719343,0
